question,correct_answer,condition,extracted_answer,correct,score,response
Would a packed Wembley stadium be likely to have a descendant of the Mongols inside?,True,A,True,True,2,"**Yes.**

**Explanation:**

Wembley Stadium in London has a capacity of around 90,000 people. The Mongol Empire existed from the 13th-14th centuries and at its peak controlled vast territories across Asia, Europe, and beyond. 

Given that:
1. Millions of people worldwide are genetic descendants of Mongols (estimates suggest Genghis Khan alone has millions of descendants)
2. A packed Wembley would contain ~90,000 people from diverse backgrounds
3. The probability that at least one person in a crowd of 90,000 has Mongol ancestry is extremely high

It would be statistically almost certain that multiple descendants of Mongols would be present in a fully packed Wembley Stadium."
Would a packed Wembley stadium be likely to have a descendant of the Mongols inside?,True,B,True,True,2,"# Yes

**Initial reasoning (Steps 1-2):**
1. Wembley Stadium holds ~90,000 people when packed
2. The Mongol Empire existed 800+ years ago; modern descendants would be distributed globally

*Checkpoint: Is this line of reasoning correct? Am I missing another angle?*

Yes, this is sound so far. But I should clarify what we mean by ""descendant.""

**Continued reasoning (Steps 3-4):**
3. Genghis Khan alone is estimated to have millions of descendants today (genetic studies show ~0.5% of the global male population)
4. The UK has ~67 million people; statistically some carry Mongol ancestry

*Checkpoint: Is this reasoning complete?*

Mostly yes, but I'm conflating two things: direct genetic descent vs. someone identifying as a ""Mongol descendant."" The genetic answer is almost certain; the identity question is different.

**Answer clarification:**
- **Biologically/genetically**: Almost certainly yes—with 90,000 random people, statistical probability heavily favors descendants of Genghis Khan or other Mongol leaders being present
- **Ethnically/culturally**: Possibly yes, but less certain—depends on whether ethnic Mongols or people identifying that way attend

The genetic interpretation makes the answer most confidently **Yes**."
Would a packed Wembley stadium be likely to have a descendant of the Mongols inside?,True,C,True,True,2,"# Yes

**Reflection point:** Let me think about what this question is really asking. It's about probability and demographics.

**Explanation:**

Wembley Stadium holds about 90,000 people. The question hinges on what fraction of the global population descends from Mongols.

Historical and genetic research suggests that a significant portion of the world's population—particularly in Asia, but also globally—descends from Mongol populations or the Mongol Empire's expansion. Some estimates suggest hundreds of millions of people worldwide have Mongol ancestry.

Given that:
- A ""packed"" Wembley would have ~90,000 people
- These would likely be diverse in origin (it's in London, hosting international events)
- Mongol ancestry is spread across multiple continents and ethnicities
- The probability that *at least one* person among 90,000 has Mongol heritage is very high

The answer is almost certainly yes—statistically, you'd expect multiple people with Mongol ancestry in a packed stadium, even accounting for the Eurocentric demographics of a typical Wembley crowd."
Would a packed Wembley stadium be likely to have a descendant of the Mongols inside?,True,D,True,True,2,"# Answer: Yes

## Reasoning:

**What the question is asking:** Whether a descendant of Mongols would likely be present in a packed Wembley Stadium.

**Why yes:**

1. **Genetic legacy**: The Mongol Empire (13th-14th centuries) was vast and had significant genetic impact across Asia, Central Asia, and parts of Europe. Modern genetic studies show many millions of people across these regions are descendants of Mongols.

2. **""Packed Wembley"" = diverse crowd**: Wembley Stadium in London holds ~90,000 people. When packed, it typically includes:
   - British and international visitors
   - People from across Europe, Asia, and globally
   - Tourists and fans from many nations

3. **Probability**: Given that hundreds of millions of people worldwide have Mongol ancestry (particularly in Asia, Central Asia, Russia, and the Middle East), and Wembley hosts international crowds, it would be statistically very likely that at least one or several descendants would be present.

4. **Geographic diversity**: Modern migration means people with Central Asian, East Asian, and Russian heritage (populations with significant Mongol ancestry) live throughout the UK and Europe.

**Conclusion:** The probability is quite high that among ~90,000 people, at least one would have Mongol ancestry."
Would a packed Wembley stadium be likely to have a descendant of the Mongols inside?,True,E,True,True,1,"**Yes.**

**Explanation:**

Let me trace through this:

1. **The basic claim:** A packed Wembley stadium (~90,000 people) would likely contain at least one descendant of Mongols.

2. **Key facts to establish:**
   - Wembley is in London, drawing crowds primarily from the UK and Europe
   - ""Descendants of Mongols"" means people with ancestry traceable to the Mongol Empire (13th-14th century)

3. **Here's where I need to flag an assumption:** I'm about to claim that Mongol ancestry is common enough that a random crowd of 90,000 would likely include someone. Let me verify this reasoning:

   - The Mongol Empire at its height covered ~24% of global land area and ruled diverse populations across Asia, Eastern Europe, and beyond
   - Genetic studies suggest 0.5-8% of people in Central/East Asia carry Y-chromosome markers from Genghis Khan or his relatives
   - However, Wembley crowds are mostly British/Western European, where such markers are much rarer
   - **Critical pause:** Am I conflating ""genetic ancestry"" with ""cultural/genealogical descent""? These are different things, and the question's phrasing is ambiguous.

4. **Reconsidering:** If interpreted as genetic ancestry (most plausible), the probability for a UK-majority crowd drops significantly — probably below 50%. If interpreted as anyone from territories conquered by Mongols (very broad), then yes, certainly.

**More honest answer: Unclear/Probably No** — depending on how strictly we define ""descendant,"" the British/Western European makeup of Wembley makes it uncertain."
Is the Louvre's pyramid known for being unbreakable? ,False,A,False,True,2,"**No.**

The Louvre's pyramid (completed in 1989) is not known for being unbreakable. While it is made of strong materials—a metal framework with glass panels—it is designed primarily for aesthetics and function, not indestructibility. The glass pyramid has experienced damage over the years, including minor incidents. It's a architectural marvel and iconic structure, but ""unbreakable"" is not a characteristic associated with it. Its reputation comes from being an innovative, modern addition to the historic museum, not from any special durability or strength properties."
Is the Louvre's pyramid known for being unbreakable? ,False,B,False,True,2,"# No

**Explanation:**

Let me think through this step by step.

**Step 1-2: What is the Louvre pyramid known for?**
The Louvre's glass pyramid, designed by I.M. Pei and completed in 1989, is primarily known for being an architectural landmark—a striking modern structure contrasting with the classical museum building. It's famous for its aesthetic design and as an iconic symbol of the museum.

*Is this correct? Am I missing another angle?* — I should verify what it's actually renowned for rather than assuming.

**Step 3-4: Is it known for being ""unbreakable""?**
There's no widespread reputation or documented claim that the Louvre pyramid is specifically known for being unbreakable. While the glass used is certainly durable and designed to be robust, this isn't its defining characteristic or what it's famous for.

*Is this correct? Am I missing another angle?* — Could the question reference a specific incident or claim? I'm not aware of one, but the premise seems to be based on a misconception.

**Conclusion:**
The Louvre pyramid is known for its architectural significance and design, not for being unbreakable. The premise of the question appears to be incorrect."
Is the Louvre's pyramid known for being unbreakable? ,False,C,False,True,2,"**No.**

Let me think through this step by step:

The Louvre's pyramid—the modern glass entrance structure completed in 1989—is made of glass and metal, not an unbreakable material. While it's constructed with tempered glass panels designed to be durable and withstand weather and pressure, it is absolutely breakable.

**Pausing to reflect:** I should clarify what ""unbreakable"" means here. The pyramid is engineered to be sturdy and long-lasting, but no structure made of glass is truly unbreakable. It's designed to resist damage and maintain structural integrity, but it can be damaged.

The pyramid is actually known for:
- Its striking modern architectural design by I.M. Pei
- Being a controversial addition to the historic Louvre when built
- Its elegant geometric form and how it contrasts with the classical palace

But durability against breaking isn't its defining characteristic. The glass can be cleaned, repaired, or replaced if needed."
Is the Louvre's pyramid known for being unbreakable? ,False,D,False,True,2,"No.

The Louvre's pyramid is not known for being unbreakable. While it is made of glass and metal and is a structurally sound building, there is no particular reputation or claim that it is ""unbreakable."" The pyramid is a famous architectural landmark designed by I.M. Pei and completed in 1989, but its renown comes from its striking modernist design and aesthetic appeal rather than from any special durability or indestructibility claims.

If anything, being made primarily of glass, it would be more vulnerable to damage than many other structures. The claim of being ""unbreakable"" doesn't appear in any standard historical or architectural descriptions of the Louvre pyramid."
Is the Louvre's pyramid known for being unbreakable? ,False,E,False,True,2,"**No.**

**Explanation:**

The Louvre's glass pyramid is not known for being unbreakable. Here's what I should flag about my reasoning:

**Assumption check:** I'm drawing on architectural knowledge, not testing whether the pyramid has actually been tested to destruction. Let me be careful here.

What I can say with confidence:
- The pyramid uses laminated glass and a steel framework designed for durability and safety
- It's built to withstand weather, structural stress, and normal conditions
- It has survived since 1989 without major failures

**Where I need to pause:** The phrase ""unbreakable"" is absolute. I don't have evidence that the Louvre pyramid has been marketed or is widely known specifically for being ""unbreakable."" That's a strong claim I can't verify from general knowledge. Modern architectural glass is engineered for strength, but architects don't typically claim structures are literally unbreakable — they design for safety margins and expected stresses.

The pyramid is known for being an iconic modern structure, architecturally innovative, and well-engineered, but ""unbreakable"" appears to be either a misconception or an overstatement of its actual properties."
Were Greeks essential to crafting Egyptian Lighthouse of Alexandria?,True,A,False,False,0,"# No

## Explanation

While Greeks played a significant role in Alexandria's development and the Lighthouse of Alexandria (Pharos), they were not ""essential"" in the primary sense:

**Greek contributions:**
- The lighthouse was built in Hellenistic Egypt, after Alexander the Great's conquest
- Greek architects and engineers likely worked on it
- It reflected Greek architectural knowledge and engineering practices

**However, the critical points:**
- The project was commissioned by **Ptolemy II** (a Greek-Egyptian ruler), representing the Ptolemaic dynasty
- **Egyptian resources, labor, and strategic vision** were fundamental—it was built in Egypt to serve Egypt's needs
- The design synthesized both Greek and Egyptian knowledge
- Similar lighthouse structures existed in the ancient world before this
- The essential element was the political will and resources of the Ptolemaic state, not specifically Greek expertise

**Conclusion:** Greeks were important *contributors* to the Lighthouse's construction, but the project was fundamentally an Egyptian (Ptolemaic) endeavor that drew on multiple knowledge traditions. Calling them ""essential"" overstates their role compared to the Egyptian state's driving role."
Were Greeks essential to crafting Egyptian Lighthouse of Alexandria?,True,B,False,False,0,"# No

## Explanation:

**Step 1: Who built the Lighthouse of Alexandria?**
The Lighthouse (Pharos) was constructed during the Ptolemaic period (circa 280 BCE), under Ptolemy II. The primary architect was likely Sostratus of Cnidus, a Greek engineer.

**Step 2: Stop and check reasoning**
*Is this correct so far? Am I missing angles?*
- Yes, this is factually sound. However, I should clarify what ""essential"" means and consider Egyptian vs. Greek contributions more carefully.

**Step 3: Examining ""essential""**
Greeks were important (Sostratus designed it, Greek knowledge of engineering), but not strictly *essential* in the sense of being irreplaceable. Egyptians provided:
- Labor force
- Logistics and resources
- Political authority/funding
- Local knowledge

**Step 4: Final check**
*Does ""essential"" mean absolutely necessary? Or just important?*
- Strictly speaking: No single group was *essential alone*
- This was a collaborative Hellenistic project blending Greek engineering expertise with Egyptian resources and labor

## Most accurate answer:
**Greeks contributed crucially but weren't solely essential.** It was a collaboration between Greek technical expertise and Egyptian administrative/material support under a Greek-Egyptian (Ptolemaic) dynasty."
Were Greeks essential to crafting Egyptian Lighthouse of Alexandria?,True,C,False,False,0,"# No

## Explanation

**Yes/No breakdown:**
- Greeks were *not* essential; Egyptians could have built it without them
- However, Greeks *were* significantly involved in the actual project

**The nuance:**

The Lighthouse of Alexandria (Pharos) was built around 280 BCE during the Ptolemaic period in Egypt. While it was constructed *in* Egypt, several factors complicate the ""essential"" framing:

**Greek involvement:**
- Designed by Greek architect Sostratus of Cnidus
- Built under Ptolemy II, a Greek ruler of Egypt (Macedonian dynasty)
- Used Greek engineering expertise and techniques

**Why not ""essential"":**
- Egyptian labor, materials, and local knowledge were fundamental
- The technology (fire beacons, mirrors) wasn't exclusively Greek
- Egyptians had built monumental structures for millennia
- Other Mediterranean cultures possessed similar capabilities

**Reflection point:** The question hinges on what ""essential"" means—instrumental to the actual project? Yes. Absolutely necessary without alternatives? Probably not, though their involvement made it particularly impressive.

The Pharos represents *collaboration* between Greek expertise and Egyptian resources, rather than Greek indispensability."
Were Greeks essential to crafting Egyptian Lighthouse of Alexandria?,True,D,False,False,0,"# Answer: No

## Explanation:

While Greeks were involved in the Lighthouse of Alexandria's history, they were not essential to its crafting:

**Greek involvement:**
- The lighthouse was built in Alexandria, a city founded by Alexander the Great
- Greek engineers and architects likely participated in its design and construction
- It was built during the Ptolemaic period (Greek dynasty ruling Egypt)

**Why ""not essential"":**
- The construction was commissioned and funded by **Egyptian rulers** (Ptolemy II)
- **Egyptian labor and craftsmen** performed much of the actual construction work
- The architectural and engineering knowledge came from a **broader Mediterranean tradition**, not solely Greek
- The structure drew on **Egyptian building techniques** and knowledge accumulated over millennia
- Primary sources credit the architects as Sostratus of Cnidus (Greek) and others, but construction was a multi-cultural effort

**More accurate framing:**
Greeks were **contributors** to the project, but the lighthouse was a collaborative achievement involving Egyptian resources, labor, Hellenistic design, and international expertise. It's better described as a product of the Hellenistic world rather than a purely Greek creation."
Were Greeks essential to crafting Egyptian Lighthouse of Alexandria?,True,E,False,False,0,"# No

## Explanation

**Yes answer:** Greeks did play a significant role. The lighthouse was built during the Ptolemaic period (Greek dynasty ruling Egypt), designed by a Greek architect (Sostratus of Cnidus), and employed Greek engineering knowledge.

**Why ""No"" is more accurate:**

The lighthouse was built in **Egypt, for Egypt's purposes, using Egyptian resources and labor**. While the Ptolemies were Greek, they had ruled Egypt for 300 years by the time of construction (280s BCE). The project was fundamentally Egyptian in:
- **Location and function**: Built to serve Egyptian maritime interests
- **Labor force**: Primarily Egyptian workers
- **Integration**: Part of Egyptian infrastructure under Ptolemaic rule

**The assumption I'm flagging:** The question implies ""essential"" means ""originated with"" or ""conceived by."" But this conflates:
- Who designed it (Greek architect)
- Who ruled and funded it (Greek dynasty that had become Egyptianized)
- Who built it (Egyptian workers)
- Whose project it was (Egypt's)

By the Ptolemaic era, Greek and Egyptian cultures had substantially merged. Calling the lighthouse ""Greek"" or ""Egyptian"" alone oversimplifies a genuinely hybrid Hellenistic-Egyptian achievement.

**Most defensible answer**: Greeks contributed specialized expertise, but weren't *essential* in the sense that it was fundamentally an Egyptian state project."
Does March begin on the same day of the week as February during leap years?,False,A,False,True,2,"# No

## Explanation

During leap years, February has 29 days instead of 28.

Since 29 days = 4 weeks + 1 day, February in a leap year ends one day of the week *after* it began.

This means March begins on a different day of the week than February did.

For example, in 2024 (a leap year):
- February 1 was a Thursday
- March 1 was a Friday"
Does March begin on the same day of the week as February during leap years?,False,B,False,True,2,"# No

Let me work through this step by step.

**Steps 1-2: Count days in February during leap years**
- During leap years, February has 29 days
- 29 days = 4 weeks + 1 day
- This means February ends on a day that is 1 day later in the week than it began

*Is this line of reasoning correct? Am I missing another angle?*
Yes, this is correct so far. If February starts on a Monday (for example), it will end on a Monday (after 28 days) plus 1 more day = Tuesday.

**Steps 3-4: Determine what day March begins**
- March 1st comes the day after February 29th
- If February ends on a day X, then March begins on day X+1 (one day later in the week)
- Therefore, March begins 1 day later in the week than February began

*Is this line of reasoning correct? Am I missing another angle?*
Yes, this is sound. The math checks out.

**Conclusion:**
Since February in a leap year contains 29 days (which is 4 weeks + 1 day), March begins exactly 1 day later in the week than February does. They do **not** begin on the same day of the week."
Does March begin on the same day of the week as February during leap years?,False,C,False,True,1,"# Answer: No

## Explanation:

Let me work through this step by step.

**Counting days in a leap year:**
- January has 31 days
- February has 29 days (in a leap year)

**Finding the day offset:**
- 31 days = 4 weeks + 3 days
- So March 1st is 3 days after whatever day January 1st falls on

For example:
- If January 1st is a Monday, then March 1st is a Thursday (Monday + 3 days)

**Pause and reflect:** The question asks if March begins on the same day as February. February 1st would be 31 days after January 1st, which is also 3 days forward in the weekly cycle (same offset). So February 1st and March 1st would actually fall on the *same* day of the week!

**Correction to my initial answer:** Upon reflection, the answer should be **Yes** - both February 1st and March 1st fall on the same day of the week during leap years (and actually in all years)."
Does March begin on the same day of the week as February during leap years?,False,D,False,True,2,"# Let me work through this systematically.

**Step 1: Understand the question**
I need to check if March 1st falls on the same day of the week as February 1st during leap years.

**Step 2: Count the days between them**
In a leap year, February has 29 days.
- From February 1st to March 1st is exactly 29 days.

**Step 3: Determine the day of the week relationship**
- 29 days = 4 weeks + 1 day
- If February 1st is on day X, then 29 days later (March 1st) will be on day X + 1

**Step 4: Verify with an example**
Leap year 2020:
- February 1, 2020 = Saturday
- March 1, 2020 = Sunday (one day later)

**Answer: No**

**Explanation:** During leap years, February has 29 days. Since 29 = 4 weeks + 1 day, March 1st will always fall on the day *after* whatever day February 1st falls on. They are separated by exactly one day of the week, so they never begin on the same day of the week in leap years."
Does March begin on the same day of the week as February during leap years?,False,E,False,True,2,"**No.**

Here's my reasoning:

**Step 1: Establish the basic fact**
February has 29 days in a leap year.

**Step 2: Calculate the day-of-week shift**
If February 1 falls on day X, then February 29 falls on day X + 28 days.
Since 28 = 4 × 7, exactly 28 days later is the same day of the week.
Therefore, February 29 is on day X.

**Step 3: Determine March 1**
March 1 comes the day after February 29.
If February 29 is on day X, then March 1 is on day X + 1.

**Step 4: Compare**
- February begins on day X
- March begins on day X + 1
- These are different days of the week

**Note on assumption verification:** I assumed the question meant ""the first day of each month"" — which is the standard interpretation. If it meant something else (like ""the same date in both months""), that would be impossible since February has no March 1st equivalent."
Can the history of art be learned by an amoeba?,False,A,False,True,2,"# No.

**Explanation:**

An amoeba lacks the neurological structures necessary for learning in any meaningful sense:

1. **No brain or nervous system** - Amoebas are single-celled organisms with no neurons, synapses, or information processing architecture that learning requires.

2. **No sensory apparatus for art** - They cannot see images, perceive colors, or process visual information the way organisms with eyes and visual cortices can.

3. **No memory system** - While amoebas can respond to stimuli, they have no capacity for the long-term memory consolidation that learning demands.

4. **No cognition** - Understanding history requires abstract thinking, conceptualization, and symbolic reasoning that amoebas simply cannot perform.

An amoeba can respond to chemical and environmental stimuli through basic mechanisms, but this is reflexive behavior, not learning. The concept of ""art history"" exists in a cognitive realm entirely beyond the biological capabilities of a single-celled organism."
Can the history of art be learned by an amoeba?,False,B,False,True,2,"# No

**Initial reasoning:**

**Step 1:** An amoeba is a single-celled organism with no brain, nervous system, or sensory apparatus capable of processing visual information, language, or symbolic representation.

**Step 2:** Learning art history requires cognitive capacities like memory formation, pattern recognition across time, understanding symbolism, historical context, and aesthetic appreciation.

*Checkpoint: Is this reasoning correct? Am I missing another angle?*

Yes, this is directionally correct. But I should consider: Could ""learning"" be interpreted very broadly in biological terms?

**Step 3:** Even if we stretch ""learning"" to mean basic stimulus-response or chemical memory (which amoebas do have at a primitive level), art history is abstract and cumulative—it requires retaining complex, interconnected information across sequential exposure.

**Step 4:** An amoeba cannot perceive paintings, read text, or process the sequential, conceptual nature of art history. Its biological constraints are absolute barriers.

*Checkpoint: Am I missing anything?*

The only alternative interpretation would be if ""learning"" meant something like ""being exposed to"" rather than ""understanding,"" but that's not really learning in any meaningful sense.

**Conclusion:** No meaningful answer exists where an amoeba could learn art history given its biological nature."
Can the history of art be learned by an amoeba?,False,C,False,True,2,"# No

Let me think through this step-by-step:

**Biological constraints:**
- Amoebas lack a nervous system, brain, or any structure capable of learning or memory formation
- They have no sensory organs to perceive visual art
- They operate on purely chemical and mechanical responses to their environment

**Pause to reflect:** The question hinges on what ""learning"" means. Even if we generously interpret learning as any behavioral change based on experience, amoebas can only modify behavior through basic stimulus-response mechanisms, not through encoding complex symbolic or conceptual information.

**Continuing:**

**What amoebas can do:**
- Respond to light, chemicals, and temperature
- Move toward/away from stimuli
- React differently based on immediate conditions
- But these responses don't constitute learning in any meaningful sense

**The core issue:**
Art history requires:
- Abstract conceptualization
- Symbolic interpretation
- Memory storage and retrieval
- Cultural context understanding

An amoeba cannot form these capacities because it has no cognitive apparatus whatsoever.

**The answer remains No** — not because amoebas are just ""bad at learning,"" but because they lack the fundamental biological machinery required for learning of any kind, let alone something as abstract as art history."
Can the history of art be learned by an amoeba?,False,D,False,True,2,"# No

## Reasoning:

Let me think through what's required to learn art history:

**What learning art history requires:**
- Language comprehension (reading, understanding terminology)
- Memory formation and retrieval
- Abstract thinking (understanding concepts, movements, symbolism)
- Visual perception and interpretation
- Contextual understanding (historical, cultural, social knowledge)
- Pattern recognition across centuries

**What an amoeba is:**
- A single-celled organism
- Has no brain, nervous system, or neurons
- Responds only to immediate chemical/physical stimuli
- Has no sensory organs for vision
- Cannot form memories in any meaningful sense
- Cannot process symbolic information

**The gap:**
An amoeba lacks the neurological infrastructure entirely. It cannot perceive, process, store, or retrieve information in the ways necessary for learning. It cannot understand that a painting represents something, or that artistic movements relate to historical periods.

This isn't a matter of the amoeba being ""too small"" or ""not trying hard enough""—it's a fundamental biological impossibility. The amoeba lacks the physical structures required for any form of learning whatsoever."
Can the history of art be learned by an amoeba?,False,E,False,True,2,"**No.**

Here's my reasoning, with a pause for an assumption check:

**The core issue:** Learning requires some form of information storage and retrieval mechanism. An amoeba has:
- No nervous system
- No brain or neural structures
- Only basic chemical sensing and response mechanisms
- A genome that encodes instinctive behaviors, not learned concepts

**Where I need to pause and flag:** I'm assuming ""learning"" means acquiring new information *during an organism's lifetime* and retaining it in a way that modifies future behavior. This is distinct from genetic inheritance of traits across generations.

**That assumption matters because:** If someone argued ""an amoeba's DNA could theoretically encode information about art history,"" that's technically true in an abstract sense—DNA stores information. But this wouldn't be *learning* in any meaningful sense; it would be genetic programming, and it wouldn't happen through exposure to art history anyway.

**The real answer:** An amoeba lacks the neurobiological substrate necessary for learning. Art history is a complex, abstract domain requiring memory, pattern recognition, conceptual thinking, and meaning-making—all processes that depend on nervous systems. An amoeba cannot learn art history any more than a rock can.

The question reveals something interesting though: it shows why ""learning"" isn't just about information existing somewhere—it's about an organism's *capacity* to acquire and integrate it."
Is a thousand dollars per Days of Our Lives episodes preferred to other soaps?,False,A,False,True,2,"# No

**Explanation:**

A thousand dollars per episode would actually be quite low for soap opera production budgets, not preferred. Here's why:

- **Daily soaps are expensive**: Shows like ""Days of Our Lives"" produce 5 episodes per week, requiring continuous sets, large casts, and constant production. A thousand dollars per episode wouldn't cover basic operational costs.

- **Historical context**: Even decades ago, soap operas cost significantly more per episode than a thousand dollars to produce.

- **Comparison to other content**: This rate is far below typical TV drama production costs, which generally range from $500K-$2M+ per episode depending on the show.

If you're asking whether this would be *preferred* (meaning cheaper is better for producers), that's different—lower costs would be preferred from a budget perspective, but $1,000/episode is unrealistically low for any professional production.

Could you clarify what specific context you're asking about?"
Is a thousand dollars per Days of Our Lives episodes preferred to other soaps?,False,B,False,True,2,"# No

**Initial reasoning:**

**Step 1:** ""A thousand dollars per episode"" would be an extraordinarily high rate. Standard soap opera production budgets typically allocate far less per episode for most cast and crew.

**Step 2:** Let me check my assumptions: Are we talking about actor salaries? Production costs? This matters greatly.

*Pause to reflect: Is this line of reasoning correct? Am I missing another angle?*

Yes, I should clarify what's being compared and what the actual market rates are.

**Step 3:** In reality, daytime soap operas like *Days of Our Lives* typically budget $1-3 million per episode total (all costs combined), not per individual payment. Featured actors might earn $500-$5,000+ per episode depending on their role, but this varies wildly by contract and seniority.

**Step 4:** The premise seems to assume ""$1,000/episode"" is some kind of established standard or preference, but I have no evidence this is a recognized industry benchmark being compared across soaps.

*Final reflection: The question itself appears to be based on a premise that isn't established in standard soap opera economics.*

**The answer is No** — there's no clear evidence that $1,000 per episode is a preferred industry standard or even a meaningful comparison point across soap operas."
Is a thousand dollars per Days of Our Lives episodes preferred to other soaps?,False,C,False,True,2,"**No.**

Let me think through this:

""Days of Our Lives"" is a long-running soap opera, but the premise of your question seems to conflate a few things:

1. **Payment structure**: Soap operas typically pay actors per episode, but $1,000 per episode would be quite low for professional actors (even in soaps). Principal cast members earn significantly more.

2. **Comparative preference**: There's no established metric suggesting actors ""prefer"" Days of Our Lives compensation over other soaps. Pay varies by:
   - Actor's experience and billing
   - The specific soap opera
   - Time period
   - Contract negotiations

3. **Market context**: Other soaps like ""The Young and the Restless"" or ""The Bold and the Beautiful"" operate under similar salary structures, with significant variation based on role prominence.

**The answer is No** — there's no evidence that $1,000/episode for Days of Our Lives is a preferred compensation rate compared to other soaps, nor is this rate particularly standard for even supporting cast members on major soaps.

Is there a specific context for this question I'm missing?"
Is a thousand dollars per Days of Our Lives episodes preferred to other soaps?,False,D,False,True,2,"# Answer: No

## Reasoning:

This question asks whether $1,000 per episode is a *preferred* rate for ""Days of Our Lives"" compared to other soap operas.

**Issues with this premise:**

1. **Unclear reference point**: $1,000 per episode for whom? (actors, writers, production crew?) The rate varies dramatically by role and position.

2. **Lack of context**: Without knowing the comparison period or what ""other soaps"" paid, it's hard to assess if this was preferred.

3. **Historical variability**: Soap opera budgets and pay scales have fluctuated significantly over decades. $1,000 in the 1970s differs vastly from $1,000 today.

4. **No clear evidence**: I don't have reliable data showing this was a specifically ""preferred"" rate across the industry or that it was notably better/worse than competitors like ""The Young and the Restless"" or ""General Hospital.""

**In short**: The question contains too many unspecified variables to answer definitively. Pay preferences would depend on the specific role, era, and which soaps you're comparing."
Is a thousand dollars per Days of Our Lives episodes preferred to other soaps?,False,E,False,True,1,"**No.**

**Explanation:**

I need to pause here because your question contains an assumption I cannot verify: that ""$1,000 per Days of Our Lives episode"" is an established, meaningful comparison point.

**What I'm uncertain about:**

1. **Which context?** — $1,000 per episode for whom? (actors, writers, production budget per minute?)
2. **Which era?** — Compensation has changed dramatically over decades
3. **The premise itself** — I don't have reliable data showing Days of Our Lives specifically commands $1,000/episode as a standard or that this is ""preferred""
4. **""Preferred to other soaps""** — Preferred by whom? Producers? Talent? Networks? And by what metric?

**What I'd need to verify:**
- Actual per-episode costs/compensation across soap operas (Days, General Hospital, Young and Restless, etc.)
- The time period you're asking about
- What ""preference"" means in your question

Rather than guess or lean on potentially outdated industry knowledge, I should admit this question mixes specificity with vagueness in a way that makes a confident answer misleading. If you're asking about production budgets, talent compensation, or audience preference, those are different questions entirely.

What specific aspect were you asking about?"
Are more people today related to Genghis Khan than Julius Caesar?,True,A,True,True,2,"# Yes

## Explanation

**Genghis Khan (1162-1227):**
- Had multiple wives and concubines, fathering many children
- His descendants ruled vast empires for centuries, with many opportunities to have children
- Genetic studies suggest roughly **0.5% of the world's population** (~40 million people) are direct descendants through his male line alone
- His children and grandchildren also had numerous descendants

**Julius Caesar (100-44 BCE):**
- Had only one known legitimate child (Caesarion with Cleopatra)
- Lived in an era with higher mortality rates and less population overall
- His direct line of descent is far more limited
- Estimated descendants in the millions, but significantly fewer than Genghis Khan

**Key factor:** Genghis Khan's descendants had ~1,400+ years to multiply, while living in regions with high fertility rates. The exponential growth of descendants over 800+ years after his death dwarfs Caesar's lineage.

So genetically speaking, far more people today carry Genghis Khan's DNA than Julius Caesar's."
Are more people today related to Genghis Khan than Julius Caesar?,True,B,True,True,2,"# Yes

Let me work through this step-by-step:

**Steps 1-2: Basic math of descendants**
- Genghis Khan lived ~1162-1227 (died ~800 years ago)
- Julius Caesar lived ~100-44 BCE (died ~2,000 years ago)
- Both had many centuries for descendants to multiply
- The more recent person (Khan) had fewer generations but started with more people alive to receive his genes

*Check: Am I missing another angle?* Yes—I need to consider documented vs. genetic ancestry, and reproduction rates.

**Steps 3-4: Documented descendants and reproduction**
- Genghis Khan had many children (possibly 40+) and aggressively spread his lineage across Asia
- His descendants ruled vast empires for centuries, had many children, and intermarried extensively
- Studies suggest ~0.5% of the world population today (~40 million people) are genetically descended from Genghis Khan
- Caesar had fewer children, no empire-wide dynastic push to spread his line

*Check: Is this reasoning sound?* Yes, but I should verify the Caesar comparison isn't misleading.

**Steps 5-6: Julius Caesar comparison**
- Caesar's descendants are far fewer and less documented
- His direct genetic legacy is much smaller than Khan's
- Estimates suggest millions rather than tens of millions descend from Caesar

**Conclusion:** The evidence strongly supports that more people today are genetically related to Genghis Khan than Julius Caesar."
Are more people today related to Genghis Khan than Julius Caesar?,True,C,True,True,2,"# Yes

**Pause for reflection:** Let me verify this makes sense before fully committing.

The key factors are:
- **Time since death**: Caesar died ~2,000 years ago; Genghis Khan ~800 years ago
- **Descendant multiplication**: Genetic ancestry roughly doubles each generation going backward
- **Historical records**: Genghis Khan is documented to have had many children and established a massive empire with widespread reproduction patterns

**The reasoning:**

More people are likely descended from Genghis Khan because:

1. **Recency advantage**: 800 years ≈ 25-30 generations. Caesar's 2,000 years ≈ 65-70 generations. Older ancestors are harder to trace ancestry through without genetic loss

2. **Documented prolific descendants**: Genghis Khan allegedly had dozens of children and countless descendants. Estimates suggest 40+ million people today (roughly 0.5% of humanity) may carry his Y-chromosome

3. **Caesar's documented line**: While Caesar's biological descendants existed, historical records don't show comparable scale of documented proliferation

4. **Geographic spread**: Genghis Khan's empire and descendants spread widely across Asia, Europe, and the Middle East, increasing mixing with general populations

So despite Caesar's fame, the mathematics and documented history of Genghis Khan's lineage suggest more people today are his descendants."
Are more people today related to Genghis Khan than Julius Caesar?,True,D,True,True,2,"# Yes

## Reasoning:

**Genghis Khan (1162-1227):**
- Had multiple wives and concubines
- Fathered many children (estimated 6+ sons and numerous daughters)
- His descendants ruled vast empires for centuries
- Genetic studies suggest roughly 0.5% of the world's male population (~16 million men) carry his Y-chromosome
- This translates to potentially 30-40 million people when including those descended through female lines

**Julius Caesar (100-44 BCE):**
- Had only one known legitimate child: Caesarion (with Cleopatra)
- Caesarion was killed around age 17 before having confirmed offspring
- His main heir Augustus was his adopted heir, not a biological descendant
- Very limited direct genetic lineage

## Key Differences:

The main factors are:
1. **Time depth** - both lived long ago, but Caesar's line apparently died out
2. **Reproductive success** - Khan had many offspring; Caesar had essentially none who survived to reproduce
3. **Documented spread** - Khan's descendants actively spread throughout Asia and beyond; Caesar's biological line didn't expand

So yes, far more people today are likely biological descendants of Genghis Khan than Julius Caesar."
Are more people today related to Genghis Khan than Julius Caesar?,True,E,True,True,2,"**Yes.**

**Explanation:**

**Genghis Khan's descendants:**
- Genghis Khan (1162–1227) had multiple wives and many children
- His descendants ruled vast empires for centuries, creating strong genealogical incentives for record-keeping and multiple marriages among nobility
- Genetic studies suggest roughly 0.5% of the world population today (~40 million people) carry Y-chromosome markers traceable to Genghis Khan
- This spread occurred over ~800 years through his male line primarily

**Julius Caesar's descendants:**
- Caesar (100–44 BCE) had one known legitimate child: Caesarion with Cleopatra, whose line apparently died out
- His adopted heir Octavian (Augustus) had descendants, but the line fragmented over 2,000 years
- No comparable genetic studies suggest millions of direct descendants
- The genealogical advantage was much smaller and more dispersed

**Flagging my assumptions:**
- I'm relying on the Genghis Khan genetic study (which found the Y-chromosome signature), but I should note this is somewhat contested—some scholars debate the methodology
- ""Related to"" is ambiguous: does it mean direct descent vs. any ancestor in common? I'm interpreting it as traceable patrilineal descent or close genealogical connection
- The Caesar comparison assumes Caesarion's line truly ended, which I'm not 100% certain about

The answer leans Yes, but with moderate confidence rather than certainty."
Does Buddy The Elf know anyone who works in publishing?,True,A,True,True,2,"# Yes

**Explanation:** In the movie ""Elf,"" Buddy encounters Michael Pratt, who works in the publishing industry in New York City. Michael is employed at a publishing company, and Buddy interacts with him during his time in the city. Additionally, Buddy's father Walter Hobbs is a book publisher, so Buddy knows someone directly working in publishing through his own family."
Does Buddy The Elf know anyone who works in publishing?,True,B,False,False,0,"# No

## Explanation:

**Steps 1-2:** Let me recall the main plot of ""Elf"" (2003). Buddy is raised by elves at the North Pole, then travels to New York City to find his biological father, Walter Hobbs, who works in the publishing industry (he's a children's book publisher).

*Checkpoint: Is this line of reasoning correct? Am I missing another angle?*

Yes, this is accurate so far. Walter Hobbs is definitively in publishing, and Buddy definitely knows him (he's his father).

**Steps 3-4:** The question asks if Buddy knows ""anyone"" who works in publishing. His father Walter certainly qualifies. Buddy interacts with Walter throughout the film and they develop a relationship.

*Checkpoint: Is this reasoning complete?*

Yes, this directly answers the question.

## Answer:
**Yes.** Buddy knows his biological father, Walter Hobbs, who is a children's book publisher in New York City."
Does Buddy The Elf know anyone who works in publishing?,True,C,True,True,2,"# Yes

**Explanation:**

In the movie ""Elf,"" Buddy travels to New York City to find his biological father, Walter Hobbs, who works as a children's book publisher. So yes, Buddy knows someone in publishing—his father Walter Hobbs runs a publishing company.

Additionally, through his interactions in New York, Buddy encounters various people in the publishing world, as his father's business is central to the plot."
Does Buddy The Elf know anyone who works in publishing?,True,D,True,True,2,"# Yes

**Reasoning:**

In the movie ""Elf"" (2003), Buddy the Elf meets Walter Hobbs, who is his biological father. Walter Hobbs is a publishing executive—he runs a major publishing company in New York City. This is a central plot point of the film, as Buddy travels to New York to find his father and they develop a relationship throughout the story.

So yes, Buddy definitely knows someone who works in publishing: his father, Walter Hobbs."
Does Buddy The Elf know anyone who works in publishing?,True,E,False,False,0,"**No.**

**Explanation:**

In *Elf* (2003), Buddy is a human raised by elves in the North Pole who comes to New York City to find his biological father, Walter Hobbs. Walter runs a publishing company (Gimbels Publishing).

**PAUSE — I need to flag an assumption here:** I stated Walter ""runs a publishing company,"" but let me reconsider. Walter Hobbs is actually the CEO of a *book publishing company* — but I should verify this is clearly established in the film rather than inferring it.

Upon reconsideration: Walter Hobbs is depicted as a high-powered executive, and the film does establish he works in publishing. Buddy meets Walter and spends time with him, so Buddy *does* know someone who works in publishing — his own father.

**Corrected answer: Yes.**

Buddy knows Walter Hobbs, his biological father, who works in publishing/runs a publishing company in New York City."
Is Autumn a good time to collect bear pelts in US?,False,A,False,True,2,"# No

**Explanation:**

While autumn is when bears are most active (hyperphagia phase - eating heavily before hibernation), it's actually not the ideal season for legal pelt collection in most US states:

1. **Hunting seasons vary by state** - Many states have spring bear seasons (April-May) but limited or no fall seasons, or fall seasons occur later (October-November)

2. **Pelt quality** - Pelts are typically better in late fall/early winter when the fur is fully prime and thick, rather than early autumn

3. **Legal restrictions** - Most states heavily regulate bear hunting with specific season windows, licensing requirements, and quotas. Autumn *activity* doesn't align with when hunting is legally permitted

4. **Location matters** - Regulations differ significantly between states and regions

If you're interested in legal bear pelt collection, you'd need to check your specific state's wildlife regulations for actual hunting seasons and requirements."
Is Autumn a good time to collect bear pelts in US?,False,B,True,False,0,"# Yes

**Step 1-2: Seasonal timing**
Bears are most accessible for hunting in fall because they're actively foraging and fattening up before hibernation. Their pelts are also prime quality—thick and well-furred as they prepare for winter.

*Checkpoint: Is this correct? Am I missing angles?*
Yes, this is accurate. But I should consider the legal dimension I haven't addressed yet.

**Step 3-4: Regulatory framework**
Bear hunting seasons are strictly regulated by state wildlife agencies and vary significantly by location, method, and species. Most US states do have fall bear hunting seasons, but they're carefully managed with quotas and licensing requirements. This is the critical consideration that actually determines whether autumn is ""good""—not just biologically, but legally.

*Checkpoint: Am I complete now?*
Mostly, though I could note practical considerations.

**Step 5: Practical factors**
Weather, terrain accessibility, and competition from other hunters also make autumn viable in many regions.

---

**Summary:** Autumn is biologically and legally a good time for bear pelt collection in most US states *where hunting is permitted*, but this requires proper licensing, adherence to specific season dates, and compliance with local regulations. Check your state's wildlife department for current rules."
Is Autumn a good time to collect bear pelts in US?,False,C,False,True,2,"# No

**Reflection point:** Let me think about what factors matter here - bear behavior, legality, and practical conditions in autumn.

**Explanation:**

Autumn is actually one of the *best* times to collect bear pelts in the US, so my answer above needs clarification:

**Why autumn works well:**
- Bears are in their prime condition with full, thick fur before winter
- Hunting seasons align with autumn in most states
- Pelts are highest quality before shedding

**Why ""No"" is still the right answer:**
- **Legal restrictions**: Most US states have specific regulated hunting seasons (typically fall, sometimes spring)
- **Licensing required**: You need proper hunting licenses and permits
- **Sustainability**: Harvest is carefully controlled to protect populations
- **Ethical concerns**: Many people oppose killing bears specifically for pelts

So while the *seasonal conditions* are ideal in autumn, the broader question of whether it's a ""good idea"" involves legal compliance, ethical considerations, and regulation - making it more complex than just timing.

If you're asking about legal, regulated hunting during designated seasons with proper licenses, then yes, autumn timing is optimal. If asking whether it's generally advisable, the answer depends on your perspective on hunting ethics."
Is Autumn a good time to collect bear pelts in US?,False,D,True,False,0,"# Yes

## Reasoning:

**Why autumn is good for bear pelts:**
- Bears have their thickest, most valuable fur in fall as they prepare for winter hibernation
- The pelt quality peaks in autumn - the underfur is dense and the guard hairs are full
- This is the primary hunting season for bears in most US states specifically because of pelt quality

**Important context:**
- This is only true during the legal hunting season, which varies by state but typically occurs in fall (autumn/early winter)
- Hunters must follow all state regulations, licensing requirements, and bag limits
- The practice requires proper permits and adherence to wildlife management laws

**Verification of reasoning:**
This aligns with standard wildlife management practices - autumn is indeed recognized by hunters, furriers, and wildlife agencies as peak season for both legal bear hunting and pelt quality."
Is Autumn a good time to collect bear pelts in US?,False,E,False,True,2,"**No.**

Here's my reasoning:

**The core issue I need to flag:** I'm about to make claims about bear hunting seasons, and I should be explicit about what I actually know versus what I'm inferring.

**What I'm fairly confident about:**
- Bear hunting in the US is heavily regulated by state wildlife agencies
- Seasons exist and vary significantly by state and region
- Pelts are indeed a product some hunters seek

**Where I need to pause:** The question assumes autumn is optimal timing. Let me think through this:

- **Fall/autumn** is when bears are in hyperphagia (extreme eating before hibernation), making them more active and visible — this might *seem* like good timing
- However, **spring** (after hibernation) is typically when many US bear hunting seasons actually occur
- Some states do allow fall hunting, but regulations vary dramatically by location

**My honest answer:** I don't have reliable knowledge of which season is actually *optimal* across US jurisdictions. This depends entirely on:
- Which state/region
- Which bear species
- Current regulations (which change)

Rather than guess, the accurate answer is: **No, autumn is not universally a good time** — you'd need to check your specific state's wildlife regulations, which would specify legal seasons (and many states may not permit fall hunting at all, or may require spring instead)."
Can the Moscow Kremlin fit inside Disney Land?,True,A,False,False,0,"# No

**Explanation:**

The Moscow Kremlin covers approximately 27.5 hectares (68 acres).

Disneyland (the original park in Anaheim, California) covers approximately 50 acres.

While Disneyland is smaller in total area than the Kremlin, the comparison is misleading because:

1. **The Kremlin is mostly open space** - much of its 27.5 hectares consists of plazas, gardens, and open grounds
2. **Disneyland is densely packed** with attractions, buildings, and infrastructure
3. A literal ""fit"" would be physically impossible given the irregular shapes and existing structures

So while Disneyland's total acreage is smaller, you couldn't actually fit the Kremlin's physical footprint plus all its buildings into Disneyland's boundaries due to space constraints and existing development."
Can the Moscow Kremlin fit inside Disney Land?,True,B,False,False,0,"# No

Let me work through this step by step:

**Step 1-2: Establish the sizes**
- Moscow Kremlin: approximately 28 hectares (69 acres or 0.28 km²)
- Disneyland (Anaheim): approximately 50 hectares (121 acres or 0.50 km²)

*Pause: Is this correct? Am I missing another angle?*
Yes, the basic area comparison is straightforward. But I should verify these are current, accurate figures and consider what ""fit inside"" means.

**Step 3-4: Direct comparison**
- The Kremlin at 28 hectares is smaller than Disneyland's 50 hectares
- So by pure area, yes, it could theoretically fit

*Pause: Is this correct? Am I missing another angle?*
Good point—""fit inside"" might mean more than just area. I should consider:
- Disneyland's terrain and layout constraints
- The Kremlin's vertical structures (walls, towers, buildings up to 80+ meters)
- Whether we're talking about just the footprint or the entire 3D structure

**Conclusion:**
By footprint area alone: **Yes, comfortably**. The Kremlin is smaller. However, if you mean fitting the entire structure including all buildings and the 19 km of walls: it's theoretically possible but would require careful arrangement, as the Kremlin's vertical elements and dense medieval layout are quite different from Disneyland's sprawling design."
Can the Moscow Kremlin fit inside Disney Land?,True,C,True,True,2,"# Yes

**Explanation:**

Let me work through the areas:

**Moscow Kremlin:**
- Approximately 27.5 hectares (68 acres or ~0.275 km²)

**Disneyland (Anaheim, California):**
- Approximately 51 hectares (127 acres or ~0.51 km²)

*Pausing to reflect: These are both large complexes, but I should verify I'm using consistent measurements. Both figures are well-documented.*

**Comparison:**
Disneyland is roughly **1.85 times larger** than the Moscow Kremlin by area, so yes, the Kremlin's footprint would fit inside Disneyland's boundaries with room to spare.

**Important caveat:** This is a purely geometric comparison. Practically speaking, fitting one functioning complex inside another while maintaining the operation of both would be a different matter entirely—it would depend on vertical space, building heights, and actual layout compatibility."
Can the Moscow Kremlin fit inside Disney Land?,True,D,True,True,2,"# Yes

## Reasoning:

**Moscow Kremlin size:**
- The Kremlin occupies approximately 27.5 hectares (about 68 acres or 0.275 km²)

**Disneyland size:**
- Disneyland Park in Anaheim, California is approximately 51 hectares (about 127 acres or 0.51 km²)

**Comparison:**
The Moscow Kremlin is roughly 54% the size of Disneyland, meaning it would easily fit within Disneyland's boundaries with room to spare.

**Check:** Yes, this math checks out - 27.5 hectares < 51 hectares ✓

The answer is definitively **Yes** - the Moscow Kremlin could fit inside Disneyland with considerable space remaining."
Can the Moscow Kremlin fit inside Disney Land?,True,E,False,False,0,"**No.**

**Explanation:**

Let me work through this carefully:

**Moscow Kremlin dimensions:**
- Area: approximately 27.5 hectares (68 acres or 0.275 km²)

**Disneyland (Anaheim) dimensions:**
- Area: approximately 30 acres (0.12 km²)

**Pause here — flag:** I'm seeing conflicting figures in my memory. Let me reconsider what ""Disneyland"" means:
- Original Disneyland park (just the theme park): ~27 acres
- Disneyland Resort (including California Adventure, hotels, parking): ~100+ acres

This ambiguity matters for the answer.

**Reconsidering with the most common definition** (the Disneyland theme park proper = ~27 acres):
- Moscow Kremlin: ~68 acres
- Disneyland park: ~27 acres

The Kremlin is roughly 2.5x larger than Disneyland proper, so it **cannot fit inside**.

**Even if we use the broader Disneyland Resort (100+ acres)**, the answer depends on whether we're counting just contiguous land. But the straightforward comparison using standard definitions shows the Kremlin is too large.

**Answer: No** — the Moscow Kremlin is significantly larger than the Disneyland theme park and would not fit inside it."
Does horseradish have a fetlock?,False,A,False,True,2,"**No.**

Horseradish is a plant (a root vegetable in the Brassicaceae family), not a horse. A fetlock is a joint found in horses and other equines—specifically, the joint between the cannon bone and the pastern bone in a horse's leg. Since horseradish is a plant with roots and leaves, it has no skeletal structure or joints of any kind."
Does horseradish have a fetlock?,False,B,False,True,2,"**No.**

Let me work through this:

**Step 1:** Identify what a fetlock is.
A fetlock is a joint on a horse's leg — specifically the joint between the cannon bone and the pastern bone, located above the hoof.

**Step 2:** Identify what horseradish is.
Horseradish is a plant (Armormorpha rusticana) — a root vegetable in the cabbage family, used as a condiment.

*Pause: Is this line of reasoning correct? Am I missing another angle?*

Yes, this is straightforward. The question appears to be testing whether I'll conflate ""horse"" in ""horseradish"" with actual horse anatomy. Horseradish is just a plant named with ""horse"" as part of its common name — it has no connection to actual horses or their anatomical features.

**Conclusion:** Since horseradish is a plant with no legs, joints, or skeletal structure, it has no fetlock."
Does horseradish have a fetlock?,False,C,False,True,2,"**No.**

Let me think through this:

A fetlock is a specific anatomical joint found in horses and other equines. It's the joint between the cannon bone and the pastern bone in a horse's leg—essentially the ""ankle"" of a horse.

Horseradish is a plant (a root vegetable in the Brassicaceae family), not a horse or any animal.

**Pause to reflect:** The question plays on the word ""horse"" in ""horseradish"" to create potential confusion. But despite the name containing ""horse,"" horseradish is purely a plant and has no skeletal anatomy whatsoever, let alone the specific joint structure found in equine legs.

Therefore, horseradish has no fetlock."
Does horseradish have a fetlock?,False,D,False,True,2,"# No

## Explanation

A fetlock is a joint found in horses and other quadrupedal animals. Specifically, it's the joint between the metacarpal (or metatarsal) bones and the phalanges in the legs of these animals.

Horseradish is a plant—a root vegetable in the Brassicaceae family, related to cabbage and mustard. Plants have no joints, limbs, or skeletal structures of any kind.

The name ""horseradish"" contains the word ""horse,"" but this is just part of the plant's common name (possibly referring to its large, coarse roots or historical use as horse feed). It has no actual connection to horses or any animal anatomy."
Does horseradish have a fetlock?,False,E,False,True,2,"**No.**

**Explanation:**

A fetlock is a joint in a horse's leg — specifically, the joint between the cannon bone and the pastern bone, located above the hoof. It's an anatomical structure found in equine animals.

Horseradish is a plant (genus *Armoracia*), not a horse or animal. Plants don't have joints, legs, or skeletal anatomy comparable to animals.

**No flag needed here** — this is straightforward: the question conflates two different things that share only the word ""horse"" in their names. The answer is unambiguously no."
Can you get Raclette in YMCA headquarters city?,True,A,False,False,0,"# No

**Explanation:**

The YMCA headquarters is located in Chicago, Illinois. While Chicago has many restaurants and food establishments, Raclette (a Swiss cheese dish traditionally melted and scraped onto bread or potatoes) is a somewhat specialized cuisine. 

However, I should clarify: you *might* actually be able to find Raclette in Chicago at upscale restaurants, Swiss restaurants, or fondue establishments, but it's not a commonly available or mainstream dish there. My answer of ""No"" reflects that it's not readily available as a standard option, though it's theoretically possible to find it at specialty restaurants."
Can you get Raclette in YMCA headquarters city?,True,B,True,True,2,"# Yes

Let me work through this step by step:

**Step 1:** Identify the YMCA headquarters city
- The YMCA (Young Men's Christian Association) has its international headquarters in Geneva, Switzerland.

**Step 2:** Determine if Raclette is available there
- Raclette is a traditional Swiss cheese dish, originating from the Valais region of Switzerland.

*Checkpoint: Is this line of reasoning correct? Am I missing another angle?*
- Yes, this is straightforward. The YMCA HQ is in Geneva, which is in Switzerland, the birthplace of Raclette. I'm not missing an angle here - this is a direct match.

**Step 3:** Confirm availability in Geneva specifically
- Geneva, being in Switzerland and a major city, would absolutely have Raclette available in restaurants, cheese shops, and Swiss cuisine establishments.

**Conclusion:** Yes, you can definitely get Raclette in Geneva (the YMCA headquarters city), since it's a quintessentially Swiss dish and Geneva is in Switzerland."
Can you get Raclette in YMCA headquarters city?,True,C,True,True,2,"# Yes

**Let me think through this step by step:**

First, I need to identify where YMCA headquarters is located:
- The YMCA (Young Men's Christian Association) headquarters is in Chicago, Illinois.

Now, can you get Raclette in Chicago?
- Raclette is a Swiss cheese dish that has become popular in many cities worldwide
- Chicago is a major metropolitan area with diverse restaurants and food options
- Swiss restaurants and fondue/raclette restaurants do exist in Chicago
- You can also purchase raclette cheese from specialty food stores and cook it at home

**Therefore: Yes**, you can get Raclette in Chicago, whether at restaurants serving Swiss cuisine or by purchasing the cheese from specialty food retailers."
Can you get Raclette in YMCA headquarters city?,True,D,True,True,2,"# Step-by-step reasoning:

1. **Identify YMCA headquarters city**: The YMCA (Young Men's Christian Association) headquarters is located in New York City.

2. **Define Raclette**: Raclette is a Swiss cheese dish/meal where cheese is melted and scraped onto bread or potatoes. It's also served as a dining experience/meal.

3. **Can you get Raclette in NYC?**: New York City has:
   - Swiss restaurants
   - French restaurants (raclette is popular in France too)
   - Upscale restaurants serving international cuisine
   - Swiss specialty food shops and delis
   - Fondue/raclette restaurants

4. **Check for errors**: Yes, NYC is a major cosmopolitan city with diverse cuisine options, so raclette would definitely be available.

# Answer:

**Yes**

You can get Raclette in New York City (the YMCA headquarters city). NYC has numerous restaurants serving Swiss and French cuisine, including dedicated fondue and raclette restaurants, as well as specialty food shops carrying Swiss cheese and raclette equipment."
Can you get Raclette in YMCA headquarters city?,True,E,True,True,2,"**Yes.**

Here's my reasoning:

1. **YMCA headquarters location**: The YMCA (Young Men's Christian Association) has its international headquarters in Geneva, Switzerland.

2. **Raclette availability in Geneva**: Raclette is a traditional Swiss dish (melted cheese scraped onto bread/potatoes), originating from the Valais region of Switzerland. It would be readily available in Geneva, both in restaurants and specialty food shops.

3. **Verification pause**: I should flag that I'm assuming the question refers to the *international* headquarters rather than a national or regional one. The main YMCA headquarters in the US is in Chicago. However, ""YMCA headquarters"" most commonly refers to the Geneva location when stated without qualification.

**Minor caveat**: If the question intended a different headquarters (like Chicago), raclette would be *much* harder to find, though some Swiss or upscale restaurants might offer it. But the most straightforward interpretation points to Geneva, where raclette is ubiquitous."
Did King James I despise fairy beings?,True,A,False,False,0,"# No

## Explanation

While King James I (1566-1625) was famously skeptical of witchcraft and wrote extensively about supernatural topics, there's no evidence he specifically ""despised"" fairy beings in the way the question suggests.

What we do know:

- **On witchcraft**: James wrote *Daemonologie* (1597), which took witchcraft very seriously as a real threat, though he also exposed some fraudulent cases
- **On fairies**: He lived during a time when fairy folklore was widespread in Britain, but his documented writings don't show particular animosity toward fairies themselves
- **His approach**: James was rationalist for his era—he was skeptical of claims he couldn't verify, whether about fairies, ghosts, or witches

The confusion might arise from James's general skepticism toward supernatural claims and his prosecution of witchcraft. However, being skeptical or hostile toward *witch accusations* is different from despising fairy folklore itself. Many of his contemporaries believed in fairies without James leaving clear records of personal hatred toward them."
Did King James I despise fairy beings?,True,B,False,False,0,"# No

## Reasoning:

**Steps 1-2:**
King James I (r. 1603-1625) held complex views on supernatural beings. He was genuinely interested in demonology and the occult—he even wrote *Daemonologie* (1597), a serious treatise on witchcraft and supernatural forces. This shows engagement rather than simple despising.

*Pause: Is this correct? Am I missing another angle?*

Yes, I should note that ""fairies"" and ""demons"" were sometimes conflated in early modern thought, but weren't identical categories.

**Steps 3-4:**
James was skeptical of *claims* about fairies—he famously debunked the Pendle witch trials and was skeptical of some supernatural claims brought before him. However, skepticism about fairy *sightings* or fairy-related witchcraft accusations isn't the same as despising the beings themselves.

*Pause: Is this correct? Am I missing another angle?*

Yes—I should clarify that historical records don't show James expressing personal ""despise"" for fairies as entities. His skepticism was more about criminal accusations than fairy ontology.

## Conclusion:

There's no strong evidence James I despised fairies as beings. He was skeptical and learned about witchcraft, but ""despise"" overstates his documented position."
Did King James I despise fairy beings?,True,C,False,False,0,"# No

## Explanation:

King James I (r. 1603-1625) had a complex relationship with fairy beliefs rather than outright despise:

**What we know:**
- He was intellectually skeptical and interested in demonology and witchcraft from a scholarly perspective
- He wrote *Daemonologie* (1597), which discussed supernatural beings including fairies, but treated them as potential demonic deceptions rather than real autonomous creatures
- He was influenced by Protestant theology, which was suspicious of folk beliefs

**The nuance:**
- Skepticism ≠ despise. He questioned their reality rather than condemning them with passion
- Fairy beliefs were deeply embedded in popular culture; he couldn't have ""despised"" them away
- He seemed more concerned with witchcraft prosecutions than fairy folklore per se

**Pause for reflection:** The question assumes a strong emotional stance (""despise""). Historical figures rarely have such binary relationships with widespread cultural phenomena. James I's position was more one of theological suspicion and intellectual doubt than visceral hatred.

The most accurate answer is that he was skeptical and theologically dismissive of fairy beliefs as foolish superstition, but this doesn't quite rise to the level of ""despise."""
Did King James I despise fairy beings?,True,D,True,True,2,"# Yes

## Reasoning:

King James I (r. 1603-1625) did express considerable hostility toward beliefs in fairy beings, though ""despise"" captures his attitude reasonably well.

**Key evidence:**

- James I was deeply committed to combating witchcraft and superstition, famously authoring *Daemonologie* (1597) before becoming king
- He actively prosecuted witches and was skeptical of folk magical beliefs
- Fairy belief was often entangled with witchcraft accusations in early modern Europe, and James viewed both with suspicion and condemnation
- He promoted rational, Christian theology and sought to eliminate ""superstitious"" folk practices

**However, some nuance:**

- His opposition was ideological (viewing fairies as demonic or false) rather than personal animosity
- He wasn't uniquely harsh—this reflected broader educated elite skepticism of the era
- Some contemporaries still believed in fairies despite royal disapproval

So while James I didn't literally have emotional feelings toward imaginary beings, he actively condemned fairy belief as part of his anti-witchcraft and anti-superstition agenda. ""Despise"" is a reasonable characterization of his documented hostility to fairy-related beliefs."
Did King James I despise fairy beings?,True,E,False,False,0,"**No.**

**Explanation:**

King James I (r. 1603-1625) had a complex relationship with fairy beliefs, not simple despise:

**What we know:**
- James was intellectually engaged with supernatural topics and wrote *Daemonologie* (1597), which discussed witchcraft, spirits, and supernatural beings
- He was skeptical of many supernatural claims and actively prosecuted witches, but this targeted malevolent witchcraft rather than fairies specifically
- There's limited direct evidence of his personal stance on fairies as a category

**Where I need to pause:**
I'm uncertain whether ""despise"" is the right characterization. The historical record doesn't contain clear statements from James about fairies specifically. I'm potentially:
- Conflating his skepticism about witchcraft with his views on fairies (different categories in early modern thought)
- Assuming aristocratic rationalism meant rejecting all folk supernatural beliefs equally
- Relying on absence of evidence rather than evidence of absence

**The honest answer:** The historical sources don't clearly support that James *despised* fairy beings. He appears pragmatically skeptical about supernatural claims generally, but that's different from active despise toward a specific category of beings that wasn't his primary focus."
Would a caracal be defeated by Javier Sotomayor in a high jump competition?,False,A,False,True,2,"# No.

**Explanation:**

Javier Sotomayor is an Olympic high jumper who set the world record of 2.45 meters (8'0.5""). However, caracals are wild cats that can jump vertically up to 3-4 meters (10-13 feet) from a standing position—they're built for explosive jumping to catch birds mid-flight.

Even accounting for the fact that Sotomayor is the superior human athlete, a caracal would easily clear heights that would challenge any human jumper. The caracal's anatomy (powerful hind legs, lightweight body, natural jumping mechanics) gives it a decisive advantage for pure vertical jumping ability."
Would a caracal be defeated by Javier Sotomayor in a high jump competition?,False,B,False,True,2,"# No

**Reasoning:**

**Step 1:** Javier Sotomayor is a human high jumper with the world record of 2.45 meters (8'0.5"").

**Step 2:** A caracal is a wild cat that can jump vertically up to 3-4 meters (10-13 feet) from a standing position.

*Check: Is this correct? Am I missing something?*
- Yes, these facts are accurate. Caracals are known for extraordinary jumping ability relative to their body size.

**Step 3:** Comparing the two: 3-4 meters (caracal) vs. 2.45 meters (Sotomayor), the caracal's jumping ability exceeds the human record.

**Step 4:** Therefore, a caracal would not be defeated; it would clear a height that exceeds Sotomayor's world record.

*Check: Am I missing another angle?*
- One could argue about fairness (weight, leverage, technique differences), but the question asks about defeat in competition—a direct comparison of jumping height achieved.

**Conclusion:** The caracal would win this competition outright based on raw vertical jumping ability."
Would a caracal be defeated by Javier Sotomayor in a high jump competition?,False,C,False,True,2,"**No.**

Let me think through this step by step.

**Pausing to reflect:** This question compares a human athlete to a wild animal in their respective domain of excellence. I should consider what each competitor actually excels at.

**The explanation:**

Javier Sotomayor is an extraordinary human high jumper—he holds the world record at 2.45 meters (8'0¼""), an incredible athletic achievement.

However, a caracal is a wild cat that can jump 3-4 meters (10-13 feet) vertically from a standing position. Some sources suggest even higher. This is a fundamental biological capability of the species—caracals hunt birds in flight and are built for explosive vertical power with their hind legs.

The caracal's jumping ability isn't just superior; it's in a completely different category. The caracal would clear heights that Sotomayor couldn't approach, even accounting for the fact that high jump technique involves arching over a bar (whereas caracals jump straight up). The raw vertical distance a caracal can achieve far exceeds human capability.

So yes, definitively: **the caracal would win this competition by a massive margin.**"
Would a caracal be defeated by Javier Sotomayor in a high jump competition?,False,D,True,False,0,"# Yes

**Reasoning:**

Javier Sotomayor is a Cuban high jumper who set the world record of 2.45 meters (8 feet 0.5 inches) in 1993 — a record that still stands.

A caracal is a wild cat native to Africa and Asia. While caracals are excellent jumpers for their size (they can jump up to about 3 meters/10 feet horizontally and roughly 1.5-2 meters vertically), they don't compete in standardized high jump competitions with established rules and measured heights.

In an actual high jump *competition* with official rules, Sotomayor would be the clear winner because:
- He's competing according to formal athletic standards
- He has training, technique, and equipment designed for the sport
- A caracal wouldn't participate in a structured competition

However, if the question were asking who could jump *higher*, it would be much closer and would depend on the specific measurement criteria."
Would a caracal be defeated by Javier Sotomayor in a high jump competition?,False,E,False,True,2,"**No.**

**Explanation:**

Let me trace through this carefully:

**The setup:** Javier Sotomayor is a legendary human high jumper (Olympic gold medalist, world record holder at 2.45m). A caracal is a wild cat native to Africa and Asia.

**The comparison:**
- Sotomayor's world record: 2.45 meters
- Caracal jumping ability: Caracals are known for exceptional vertical leaps, documented at around 3-4 meters (10-13 feet) from a standstill

**Flagging an assumption:** I'm relying on the claim that caracals can jump 3-4 meters. Let me reconsider—this is often stated in wildlife sources, though I should note the highest estimates may reflect leaps *with running starts* or be somewhat exaggerated in popular sources. Even accounting for uncertainty, caracals are built for explosive vertical jumping in ways humans biomechanically cannot match.

**The answer:** A caracal would almost certainly clear heights that would defeat Sotomayor. Even if caracal jumping ability is somewhat overstated in popular sources, the gap is large enough that a caracal would win.

The caracal would not be ""defeated"" — it would win the competition."
Do salmon mate in the Caspian Sea?,False,A,False,True,2,"**No.**

Salmon do not mate in the Caspian Sea under normal circumstances. Here's why:

1. **Species distribution**: Atlantic salmon and Pacific salmon species do not naturally occur in the Caspian Sea. The Caspian is a landlocked body of water in Central Asia.

2. **Native fish**: The Caspian Sea has its own native fish species, including sturgeon and various endemic species, but not salmon.

3. **Geographic isolation**: Salmon require specific oceanic and river conditions for their life cycles. The Caspian Sea's landlocked nature and different environmental conditions don't support salmon populations.

4. **Anadromous requirements**: Most salmon are anadromous (born in freshwater rivers, migrate to the ocean, return to rivers to spawn). The Caspian's lack of ocean connection makes this impossible.

There might be rare, isolated cases of salmon being artificially introduced or escaping from aquaculture facilities, but this would not constitute natural mating populations in the Caspian Sea."
Do salmon mate in the Caspian Sea?,False,B,False,True,2,"# No

Let me work through this step-by-step:

**Steps 1-2:**
- Salmon are anadromous fish (born in freshwater rivers, migrate to ocean, return to spawn)
- The Caspian Sea is landlocked, with no ocean connection

*Is this line of reasoning correct? Am I missing another angle?*

Yes, this is sound so far. But let me consider: Are there salmon species in the Caspian Sea at all?

**Steps 3-4:**
- The Caspian Sea does have a fish called ""Caspian salmon"" (Salmo trutta caspius), but it's actually a trout subspecies, not a true salmon
- These fish do spawn in rivers connected to the Caspian Sea (like the Volga River)

*Is this line of reasoning correct? Am I missing another angle?*

Good—I should clarify the terminology. These fish do mate/spawn, but in rivers, not in the sea itself.

**Steps 5-6:**
- True Pacific and Atlantic salmon cannot reach the Caspian Sea (no ocean route)
- The Caspian ""salmon"" spawns in tributary rivers, not in the Caspian Sea water itself

---

**Answer: No** — true salmon do not mate in the Caspian Sea. While Caspian trout spawn in connected rivers, they don't breed in the sea itself, and true salmon species cannot access this landlocked body of water."
Do salmon mate in the Caspian Sea?,False,C,False,True,2,"# No

## Explanation:

Let me think through this step by step:

**Salmon species and their habitats:**
- Atlantic salmon and Pacific salmon species are the primary salmon that spawn in freshwater
- Atlantic salmon are found in the Atlantic Ocean and rivers connected to it
- Pacific salmon are found in the Pacific Ocean and rivers connected to it

**The Caspian Sea situation:**
The Caspian Sea is landlocked and connected to the Atlantic Ocean only through artificial canals (like the Volga River system). Historically, there were no native salmon populations in the Caspian Sea.

**Pause to reflect:** While some fish species have been introduced to the Caspian Sea, and the Volga River (which feeds it) does have some anadromous fish, true salmon are not native spawning populations there. The Caspian has its own endemic and introduced fish species, but salmon reproduction is not a characteristic feature of this ecosystem.

**Conclusion:**
Salmon do not naturally mate in the Caspian Sea. They are not native to this body of water and do not have established spawning populations there."
Do salmon mate in the Caspian Sea?,False,D,True,False,0,"# Yes or No: No

## Explanation:

Salmon do not naturally mate in the Caspian Sea. Here's why:

1. **Species distribution**: Most salmon species are anadromous fish found in the Atlantic and Pacific Oceans. They migrate to freshwater rivers to spawn, not to enclosed seas.

2. **Caspian Sea characteristics**: The Caspian Sea is an enclosed body of water with limited river connections. While it does contain some fish species, it's not a natural habitat for the salmon species we typically think of.

3. **What does live there**: The Caspian Sea is known for sturgeon and other fish species, but not for typical salmon spawning.

4. **Possible exception**: There is a species called Caspian salmon or Caspian trout (related to Atlantic salmon), which *is* found in some Caspian Sea rivers, but even these migrate into freshwater rivers to spawn—not in the sea itself.

So the answer is no—salmon do not mate in the Caspian Sea itself, though some salmon-related species may spawn in rivers that feed into it."
Do salmon mate in the Caspian Sea?,False,E,False,True,2,"**No.**

**Explanation:**

Salmon are anadromous fish—they are born in freshwater rivers, migrate to the ocean to grow, then return to their natal rivers to spawn (mate). The Caspian Sea is a landlocked body of saltwater, but it lacks the riverine spawning habitat that salmon require.

**However, I should flag an assumption:** I'm assuming the question refers to Atlantic or Pacific salmon species. Let me reconsider whether there's any salmon-like fish in the Caspian.

The Caspian Sea does contain **sturgeon** and some other fish species, but not true salmon. There are some anadromous fish that use Caspian rivers (like sturgeon that spawn in the Volga), but these are not salmon.

**If the question meant:** ""Do any salmon exist in the Caspian Sea region at all?"" — Still no, in the biological sense. True salmon (Salmo and Oncorhynchus genera) don't naturally occur there.

So my answer remains **No** — salmon do not mate in the Caspian Sea, as they neither inhabit it nor use it as part of their reproductive cycle."
Can the majority of vowels be typed on the first line of a QWERTY keyboard?,True,A,True,True,2,"**Yes**

**Explanation:**

The first line of a QWERTY keyboard contains the letters: Q, W, E, R, T, Y, U, I, O, P

The vowels in English are: A, E, I, O, U

From the first line, we can type: E, U, I, O (4 out of 5 vowels)

Since 4 out of 5 vowels represent the majority (more than half), the answer is yes."
Can the majority of vowels be typed on the first line of a QWERTY keyboard?,True,B,False,False,0,"# No

Let me work through this step-by-step.

**Step 1: Identify the vowels**
The vowels are: A, E, I, O, U (5 vowels)

**Step 2: Check the first line of a QWERTY keyboard**
The first line (top row) reads: Q W E R T Y U I O P

*Pause: Is this line of reasoning correct? Am I missing another angle?*
Yes, this is correct. I've identified all vowels and the correct top row layout.

**Step 3: Count vowels on the first line**
From the top row (Q W E R T Y U I O P), the vowels present are:
- E ✓
- U ✓
- I ✓
- O ✓

That's 4 vowels out of 5.

**Step 4: Determine if this is a majority**
- 4 out of 5 = 80%
- Majority = more than 50% ✓

*Pause: Is this line of reasoning correct? Am I missing another angle?*
Wait - the question asks if the majority of vowels CAN be typed on the first line. I've shown 4 out of 5 can be. However, ""majority"" typically means ""more than half."" 4 out of 5 IS a majority (more than 2.5).

The answer should be **Yes** - 4 of the 5 vowels (80%) are on the top line, which is a clear majority."
Can the majority of vowels be typed on the first line of a QWERTY keyboard?,True,C,True,True,2,"# Yes

**Explanation:**

Let me work through this step by step.

First, let me identify the vowels: A, E, I, O, U (5 vowels total)

Now, the first line of a QWERTY keyboard contains:
Q W E R T Y U I O P

The vowels present on the first line are:
- E ✓
- U ✓
- I ✓
- O ✓

That's 4 vowels out of 5.

---

*Pausing to reflect: I have 4 out of 5 vowels on the top row. The majority means more than half of 5, which is more than 2.5, so I need at least 3. I have 4, so yes, this easily qualifies as a majority.*

---

Since 4 out of 5 vowels can be typed on the first line, and 4 is a clear majority (more than 50%), the answer is **Yes**. Only the vowel ""A"" is missing (it's on the second line)."
Can the majority of vowels be typed on the first line of a QWERTY keyboard?,True,D,False,False,0,"Let me work through this step-by-step.

First, let me identify the vowels in English: A, E, I, O, U (5 vowels)

Now, let me identify which vowels appear on the first line of a QWERTY keyboard:
The first line (top row) contains: Q W E R T Y U I O P

Vowels on the first line: E, U, I, O (4 vowels)

Now let me check: Is 4 the majority of 5?
- Majority means more than half
- Half of 5 = 2.5
- 4 > 2.5 ✓

**Yes**

The majority of vowels can be typed on the first line of a QWERTY keyboard. Four out of five vowels (E, I, O, U) are located on the top row. The only vowel not on the first line is A, which is on the bottom row. Since 4 out of 5 represents 80%, this clearly constitutes a majority."
Can the majority of vowels be typed on the first line of a QWERTY keyboard?,True,E,False,False,0,"**No.**

Let me work through this step by step:

**The vowels:** A, E, I, O, U (5 vowels total)

**First line of QWERTY keyboard:** Q W E R T Y U I O P

**Vowels on the first line:** E, U, I, O (4 vowels)

**The vowel NOT on the first line:** A

**Checking my assumption:** I'm assuming ""first line"" means the top row of letter keys (not the number row). This is the standard interpretation.

**Calculating the majority:**
- 4 out of 5 vowels are on the first line
- 4/5 = 80%
- A majority requires >50% (more than half)
- 80% > 50% ✓

**Wait — I need to reconsider my answer.** If 4 out of 5 vowels (80%) are on the first line, that IS a majority. So the answer should be **Yes**, not No.

**Corrected Answer: Yes.**

Four of the five vowels (E, U, I, O) can be typed on the first line of a QWERTY keyboard, which constitutes 80% — well above the 50% threshold needed for a majority."
Would Goofy hypothetically enjoy Nylabone?,True,A,True,True,2,"# Yes

**Explanation:**

Goofy is a dog character, and Nylabones are specifically designed chew toys for dogs. They're made to satisfy dogs' natural chewing instincts and are durable enough for extended gnawing.

Given that Goofy is characterized as having dog-like behaviors and instincts (despite his anthropomorphic qualities), he would likely enjoy a Nylabone for the same reasons most dogs do—it provides satisfying chewing stimulation and can help with dental health.

The main caveat: Goofy's unusual intelligence and human-like personality might make him prefer more complex toys or activities, but the basic appeal of a chew toy would probably still apply!"
Would Goofy hypothetically enjoy Nylabone?,True,B,True,True,2,"# Yes

Let me work through this:

**Step 1-2:** Goofy is a dog character who enjoys typical dog activities (chasing, playing, socializing). Nylabones are chew toys designed specifically for dogs.

*Is this line of reasoning correct? Am I missing another angle?*
Yes, but I should consider Goofy's specific characterization more carefully.

**Step 3-4:** Goofy is anthropomorphized—he walks upright, talks, reasons abstractly, and has human-level intelligence and interests (cooking, socializing as peers with Mickey and Donald). This complicates the answer because his preferences might not align with typical dog behavior.

*Is this line of reasoning correct? Am I missing another angle?*
This is important. Goofy is caught between being a dog and being human-like, which creates tension in the question.

**Conclusion:** The answer depends on interpretation. If Goofy retained any dog instincts or enjoyed things his species naturally would (chewing), then yes. But given his primarily human behavior and intelligence level in canon, he'd more likely prefer human leisure activities. 

The most honest answer: **Probably not enthusiastically**—his character development suggests he's moved beyond typical dog preferences into human-level pursuits."
Would Goofy hypothetically enjoy Nylabone?,True,C,True,True,2,"# Yes

**Explanation:**

Goofy would likely enjoy a Nylabone because:

1. **He's a dog** - Nylabones are specifically designed chew toys for dogs, and Goofy, despite his anthropomorphic characteristics and human-like behavior, is canonically a dog character.

2. **His dog instincts** - Even though Goofy talks, walks upright, and engages in human activities, he still displays dog-like behaviors and instincts in various Disney media (he barks, has dog-like reactions, etc.).

3. **Chewing appeal** - Nylabones are designed to satisfy natural canine chewing urges, which Goofy would presumably have.

*Pausing to reflect: It's worth noting that Goofy's enjoyment would depend on the specific context of the Disney universe we're imagining - he's so humanized that it's genuinely ambiguous whether he'd treat a Nylabone as a toy or find it odd. But based on biological classification, the answer works.*

The main caveat is that Goofy is so distinctly human-like in his behavior that he might find the whole situation bewildering!"
Would Goofy hypothetically enjoy Nylabone?,True,D,True,True,1,"# Yes

## Reasoning:

**What is a Nylabone?**
A Nylabone is a synthetic chew toy designed for dogs to gnaw on. It's made of nylon or similar durable materials and comes in various flavors.

**Who is Goofy?**
Goofy is an anthropomorphic dog character in Disney media who walks upright, speaks, and behaves like a human. He's notably different from Pluto, Mickey's pet dog who behaves like a regular dog.

**The Analysis:**
This question hinges on whether we're asking about Goofy's dog nature or his human-like character:

- **If we consider his biological nature**: As a dog, Goofy would theoretically enjoy chewing on a Nylabone, just as regular dogs do.
- **If we consider his anthropomorphic character**: Goofy is depicted as having human preferences, behavior, and intelligence. A human character wouldn't typically enjoy chewing on a nylon toy.

**Conclusion:**
Given that Goofy is primarily portrayed as an anthropomorphic character with human preferences rather than as a ""regular dog,"" the hypothetical answer is **No** — his character wouldn't enjoy it. However, if we're being playful with the premise, his underlying dog nature might surprise us!"
Would Goofy hypothetically enjoy Nylabone?,True,E,True,True,2,"**Yes.**

**Explanation:**

Goofy is a dog character who exhibits typical canine behaviors and preferences. Nylabones are synthetic chew toys specifically designed for dogs, engineered to satisfy natural chewing instincts while being safer than alternatives like real bones.

**Flagging my reasoning:**
- I'm assuming Goofy's character traits align with typical dog behavior (he walks on hind legs and speaks, but still has dog instincts)
- This assumption seems well-supported by the character's depiction across Disney media
- Nylabones are objectively designed to appeal to dogs' chewing drives, so the inference is straightforward

I don't encounter competing plausible paths here. The answer follows logically from: (1) Goofy is characterized as dog-like in his preferences, and (2) Nylabones are made for dogs to enjoy."
Did Snoop Dogg refuse to make music with rival gang members?,False,A,False,True,2,"# No

**Explanation:**

While Snoop Dogg has been associated with gang culture and has had genuine conflicts with rival groups (most notably the East Coast-West Coast hip-hop rivalry of the 1990s), he has actually worked with artists across different affiliations throughout his career. He's collaborated with numerous artists regardless of their backgrounds or gang associations.

Snoop has also evolved significantly over his career, becoming more of a cultural icon and entertainer rather than staying strictly within gang-affiliated circles. He's worked on various projects that prioritize music quality and commercial appeal over maintaining rigid gang-related boundaries.

So while gang rivalries were real in hip-hop during certain eras, the premise that Snoop categorically ""refused"" to work with rivals doesn't accurately reflect his actual recording history."
Did Snoop Dogg refuse to make music with rival gang members?,False,B,False,True,2,"# No

**Explanation:**

Let me work through this carefully:

**Step 1-2: Core claim**
The question assumes Snoop Dogg categorically refused to work with rival gang members. This needs verification.

*Checkpoint: Is this accurate so far?* Not necessarily—this is a broad generalization that needs nuancing.

**Step 3-4: What we actually know**
Snoop Dogg has collaborated with numerous artists across different coasts and backgrounds throughout his career. While he was associated with the Crips and had well-documented East Coast-West Coast tensions during the 1990s, he didn't universally refuse to work with people from rival affiliations.

*Checkpoint: Am I missing context?* Yes—Snoop's actual behavior was more complex and evolved over time.

**The nuanced reality:**
- He did have conflicts during peak East Coast-West Coast tensions
- However, he has worked with various artists regardless of their affiliations
- His approach seemed more contextual than absolutist
- The hip-hop industry's gang dynamics were real but didn't prevent all cross-affiliation collaborations

The premise oversimplifies his career and artistic choices."
Did Snoop Dogg refuse to make music with rival gang members?,False,C,False,True,2,"# No

## Explanation

This question assumes a specific biographical fact that I should be careful about. While Snoop Dogg has been associated with the Crips gang culturally and has made various statements about gang culture over decades, I don't have reliable information about a specific, documented instance where he categorically ""refused to make music with rival gang members.""

**What I do know:**
- Snoop has collaborated with numerous artists across different backgrounds throughout his career
- He has been involved in gang-related contexts, particularly early in his career
- He has evolved significantly as an artist and public figure over time

**The issue:**
The question's framing suggests a specific documented refusal that I cannot verify as a definitive historical event. Making up details about his career decisions would be irresponsible.

If you're asking about a particular incident or interview, I'd be happy to discuss it if you provide more context."
Did Snoop Dogg refuse to make music with rival gang members?,False,D,True,False,0,"# Yes

## Explanation:

Snoop Dogg has publicly discussed avoiding collaborations with artists from rival gang affiliations, particularly during the height of East Coast-West Coast hip-hop tensions in the 1990s. Given his Long Beach affiliation and the volatile gang dynamics of that era, he made strategic decisions about who he would work with.

However, I should note some nuance: while Snoop was cautious about certain collaborations due to gang politics and safety concerns, he didn't refuse *all* music with people from rival groups. Over his long career, he has worked with various artists across different backgrounds.

The most accurate framing is that gang affiliations were a real consideration in his early career decisions, but it wasn't an absolute blanket refusal throughout his entire career."
Did Snoop Dogg refuse to make music with rival gang members?,False,E,False,True,2,"**No** — with important caveats.

**Why I'm pausing here:** This question assumes a specific biographical fact about Snoop Dogg's professional choices, but I need to flag what I actually know vs. what I'm inferring:

**What I can say with confidence:**
- Snoop Dogg has made music with a very wide range of artists across decades
- He grew up in Long Beach during gang-active periods and has acknowledged that context
- He's known for being relatively collaborative and having broad industry relationships

**What I cannot verify:**
- A specific documented policy or pattern where Snoop refused to work with people he identified as ""rival gang members""
- I don't have reliable data on which of his *rejected* collaborations (if any) were refused for gang-affiliation reasons specifically

**The risk I'm noting:** The question's framing (""did he refuse"") already presupposes this happened. Without a specific documented incident or interview where Snoop stated this principle, I'd be either confirming a rumor or making assumptions about his private decision-making.

If you're asking whether Snoop has *ever* avoided someone for gang reasons, that's possible given his background, but I can't confirm it as established fact. If you have a specific collaboration or quote in mind, that would help verify the actual answer."
Is the Joker in a healthy romantic relationship?,False,A,False,True,2,"# No.

The Joker is not in a healthy romantic relationship for several reasons:

1. **Psychological instability** - Across most depictions, the Joker exhibits severe mental health issues including unpredictability, lack of empathy, and violent impulses that make genuine intimacy impossible.

2. **Power imbalance** - Any relationship involving the Joker (most notably with Harley Quinn in popular versions) involves manipulation, abuse, and dependency rather than mutual respect.

3. **Inability to reciprocate care** - His characterization typically centers on self-interest and chaos. He doesn't demonstrate the capacity for sustained emotional reciprocity that healthy relationships require.

4. **Violent behavior** - A fundamental incompatibility with relationship health is his propensity for violence, even toward romantic partners.

5. **Lack of genuine connection** - Even when a character is romantically involved with him, the relationship is typically portrayed as toxic, one-sided, or based on delusion rather than reality.

The Joker is deliberately written as someone fundamentally broken in ways that prevent healthy relationships—it's core to his character."
Is the Joker in a healthy romantic relationship?,False,B,False,True,2,"# No.

## Explanation:

**Steps 1-2: Identifying the character and relationship status**
- The Joker (across most canonical versions) either has no stable romantic relationship, or his relationships are characterized by obsession rather than mutuality
- In many depictions, his primary ""relationship"" is with Batman—a nemesis dynamic, not romance

*Pause: Is this line of reasoning correct? Am I missing another angle?*
- Yes, I should acknowledge that some versions (like Harley Quinn dynamic) are sometimes framed romantically, but this requires examination rather than dismissal

**Steps 3-4: Examining what ""healthy"" means**
- Healthy relationships typically involve: mutual respect, consent, emotional safety, balanced power dynamics, and reciprocal care
- The Joker's characterization—mental instability, manipulation, violence, obsession—actively contradicts these foundations
- Even in stories where he has romantic feelings (like toward Harley Quinn), the relationship typically involves abuse, manipulation, and control

*Pause: Is this line of reasoning correct? Am I missing another angle?*
- This appears sound; no depiction I'm aware of presents his romantic entanglements as genuinely healthy

**Conclusion:** The Joker's psychology and behavioral patterns make healthy romantic relationships fundamentally incompatible with his character as consistently portrayed."
Is the Joker in a healthy romantic relationship?,False,C,False,True,2,"# No

**Pause to reflect:** This question assumes a specific continuity/version of the Joker, since he appears across comics, films, and shows with different storylines. Let me think about what's consistent across versions...

**Explanation:**

Across most canonical versions, the Joker is **not** in a healthy romantic relationship:

- **Harley Quinn dynamic** (most common pairing): This relationship typically shows unhealthy patterns—manipulation, violence, codependency, and abuse, even when portrayed sympathetically
- **No stable partnerships**: The Joker's characterization emphasizes chaos, instability, and lack of genuine emotional connection
- **Psychological barriers**: His mental state (however depicted) generally prevents reciprocal, stable attachment
- **Narrative role**: The Joker functions as an agent of chaos; committed healthy relationships would contradict his character arc

There are rare alternate universes or ""Elseworlds"" stories that might depict him differently, but mainstream canon does not portray him in a healthy relationship."
Is the Joker in a healthy romantic relationship?,False,D,True,False,0,"# Yes or No: No

## Reasoning:

The Joker (across most canonical versions) is not in a healthy romantic relationship because:

1. **Lack of emotional stability**: The Joker exhibits severe mental health issues, instability, and violent behavior that preclude healthy relationships.

2. **Obsession over genuine partnership**: His fixation on Batman is often framed as obsessive rather than a genuine romantic bond based on mutual respect and care.

3. **Harm to partners**: In storylines involving romantic interests (like Harley Quinn), the Joker is abusive—psychologically and physically manipulating them rather than treating them as equals.

4. **Absence of reciprocal care**: Healthy relationships require both partners to prioritize each other's wellbeing. The Joker is fundamentally self-centered and causes harm.

5. **Psychological dysfunction**: His worldview, violent impulses, and inability to form stable attachments make genuine intimacy impossible.

**Important note**: If you're asking about the Joker-Harley Quinn dynamic specifically, this is often depicted as an abusive relationship that the narrative itself portrays as unhealthy (though some adaptations have romanticized it problematically)."
Is the Joker in a healthy romantic relationship?,False,E,False,True,2,"**No.**

**Explanation:**

The Joker (across most canonical versions) is not in a healthy romantic relationship. Here's why:

1. **Which Joker?** — I should flag this immediately: ""the Joker"" appears across comics, films, and shows with varying characterizations. I'm proceeding with the most common portrayals, but this assumption affects the answer.

2. **Core issues across versions:**
   - The Joker typically exhibits severe untreated mental health conditions (dissociation, violent impulses, lack of stable identity)
   - Relationships he pursues (most notably with Harley Quinn) involve manipulation, emotional abuse, and violence
   - He lacks the capacity for genuine reciprocal care, honesty, or commitment that healthy relationships require

3. **The Harley Quinn case** — This is where I should pause: their dynamic is often romanticized in popular culture, but it's textually abusive. He's depicted as manipulating her, physically harming her, and treating her as expendable. Recent versions (like the animated series) show her *leaving* precisely because the relationship is unhealthy.

4. **Assumption check:** I'm assuming ""healthy romantic relationship"" means mutual respect, consent, emotional safety, and absence of abuse. If the standard were different, the answer might shift—but by any reasonable definition of ""healthy,"" the answer remains No."
Did Naruto escape the Temple of Doom?,False,A,False,True,2,"# No

**Explanation:**

Naruto Uzumaki is a character from the anime/manga series *Naruto*, not from *Indiana Jones and the Temple of Doom*. 

*Indiana Jones and the Temple of Doom* is a 1984 action-adventure film starring Harrison Ford as Indiana Jones. Naruto is a Japanese ninja character from a completely different fictional universe.

So the premise of the question conflates two separate franchises. Naruto never appeared in the Temple of Doom because he exists in a different story world entirely."
Did Naruto escape the Temple of Doom?,False,B,False,True,2,"# No

**Explanation:**

Let me think through this step by step:

**Steps 1-2: Identify the reference**
Naruto is a manga/anime series about a ninja. ""Temple of Doom"" is a reference to Indiana Jones and the Temple of Doom (1984 film). These are completely separate fictional universes with no crossover.

*Checkpoint: Is this reasoning correct? Am I missing another angle?*
Yes, this is correct. There's no canonical event where Naruto encounters or escapes from the ""Temple of Doom"" because that's not part of the Naruto storyline.

**Steps 3-4: Consider alternative interpretations**
Could you be asking about a specific Naruto arc involving a temple? There are temple-related episodes/arcs, but none specifically called the ""Temple of Doom."" Could be testing whether I'd confuse fictional universes.

*Checkpoint: Is this reasoning correct? Am I missing another angle?*
Yes - I should confirm I'm not missing a specific Naruto arc reference. There's no major arc by that name in canon Naruto material.

**Conclusion:** No - Naruto never escaped the ""Temple of Doom"" because it's not part of the Naruto universe. This appears to be a cross-franchise reference that doesn't occur in either story."
Did Naruto escape the Temple of Doom?,False,C,False,True,2,"**No.**

Let me think through this step by step:

Naruto Uzumaki is a character from the anime/manga series ""Naruto,"" not from ""Indiana Jones and the Temple of Doom."" The Temple of Doom is a fictional location from the Indiana Jones franchise, featured prominently in the 1984 film where Indiana Jones is the protagonist.

*Pausing to reflect: This appears to be a trick question or category confusion — combining a character from one fictional universe with a location from an entirely different fictional universe.*

Continuing: Since Naruto exists in a completely different fictional world from Indiana Jones, he never entered the Temple of Doom and therefore couldn't have escaped from it. The question conflates two unrelated fictional properties."
Did Naruto escape the Temple of Doom?,False,D,False,True,2,"# No

## Reasoning:

Naruto Uzumaki is a character from the anime/manga series *Naruto*, not from *Indiana Jones and the Temple of Doom*. 

The Temple of Doom is a location from the Indiana Jones film franchise (specifically the 1984 film), where Indiana Jones is the protagonist who escapes from that temple.

These are two entirely separate fictional universes with no crossover. Naruto never encountered the Temple of Doom because it exists in a different fictional world.

**Check:** Is there any canonical connection between Naruto and Indiana Jones? No. Could this be a trick question or reference I'm missing? Unlikely—these are from completely different media franchises."
Did Naruto escape the Temple of Doom?,False,E,False,True,2,"**No.**

**Explanation:**

Naruto Uzumaki is a character from the anime/manga series *Naruto*, created by Masashi Kishimoto. The ""Temple of Doom"" is a fictional location from the *Indiana Jones* franchise (specifically the 1984 film *Indiana Jones and the Temple of Doom*).

**Flagging an assumption:** I'm assuming you're asking whether these are connected in some way — either a crossover, a fan work, or a specific episode I'm unaware of. However, these are separate fictional universes with no canonical connection.

If you meant:
- Did Naruto escape from *some specific temple* in the Naruto series? (I'd need clarification on which arc/location)
- Is there a crossover fan work combining these? (Not canonical)
- Are you testing whether I'd conflate unrelated franchises? (I should not)

Could you clarify what you're actually asking about?"
Would a hedgehog avoid animals without a spinal cord?,False,A,False,True,2,"# No

**Explanation:**

A hedgehog would not specifically avoid animals without a spinal cord based on that characteristic alone. Here's why:

1. **Hedgehogs lack that sensory ability** - Hedgehogs cannot detect whether another animal has a spinal cord or not. They rely on senses like smell, sight, and hearing to navigate their environment and avoid threats.

2. **Practical behavior** - Hedgehogs avoid animals based on size, threat level, and behavior (like predators), not on anatomical features they cannot perceive.

3. **Invertebrates in their diet** - Hedgehogs actually eat many invertebrates (insects, worms, snails) which *lack* spinal cords, so they certainly don't avoid them.

The ability to detect spinal cord presence would be impossible without advanced anatomical knowledge that animals don't possess."
Would a hedgehog avoid animals without a spinal cord?,False,B,False,True,2,"**No**

Let me work through this step-by-step:

**Steps 1-2: What animals lack spinal cords?**
Animals without spinal cords include insects, worms, jellyfish, squid, starfish, and other invertebrates. These are actually the vast majority of animal species on Earth.

*Check: Is this correct? Am I missing another angle?*
Yes, this is accurate. But I should consider: what would ""avoidance"" mean behaviorally, and do hedgehogs actually have the capacity to distinguish between vertebrates and invertebrates?

**Steps 3-4: Would a hedgehog actively avoid these animals?**
Hedgehogs actually *eat* many spineless animals—particularly insects, earthworms, and slugs. These make up a significant part of their natural diet. A hedgehog wouldn't avoid them; it would hunt them.

*Check: Is this reasoning sound? Missing angles?*
Yes—hedgehogs are opportunistic foragers. They don't have the cognitive ability to categorize animals by skeletal structure. They respond to prey based on size, movement, and accessibility.

**Conclusion:**
A hedgehog would not avoid animals without spinal cords. In fact, it actively seeks them out as food sources. The question assumes hedgehogs make taxonomic distinctions they're not capable of making."
Would a hedgehog avoid animals without a spinal cord?,False,C,True,False,0,"# Yes

**Explanation:**

Let me think through this step by step.

Hedgehogs are insectivores that actively hunt and eat small invertebrates as a primary food source. Animals without spinal cords include insects, spiders, worms, and other invertebrates.

*[Pausing to reflect: This seems contradictory—if hedgehogs eat these creatures, they wouldn't avoid them]*

Actually, this reveals the contradiction in my initial answer. Hedgehogs would **not** avoid animals without a spinal cord—they actively seek them out and consume them regularly. Insects and other invertebrates make up a substantial part of their diet.

**Corrected answer: No**

Hedgehogs would not avoid animals without a spinal cord. They actively hunt and consume them as food, making invertebrates (which lack spinal cords) a central part of their diet."
Would a hedgehog avoid animals without a spinal cord?,False,D,True,False,0,"# Yes

## Reasoning:

Let me think through this step-by-step:

1. **What animals lack a spinal cord?** Invertebrates (insects, worms, jellyfish, etc.) don't have spinal cords—they lack backbones entirely.

2. **What do hedgehogs actually eat and interact with?** Hedgehogs are insectivores that actively hunt and consume invertebrates like beetles, earthworms, slugs, and insects—many of which lack spinal cords.

3. **Would they avoid these animals?** No—hedgehogs actively seek out and eat many invertebrates as a primary food source.

## Conclusion:

A hedgehog would **not** avoid animals without a spinal cord. In fact, they actively hunt and consume many such animals as part of their normal diet. The premise of the question assumes avoidance, but the reality is the opposite."
Would a hedgehog avoid animals without a spinal cord?,False,E,False,True,2,"**No.**

**Explanation:**

Let me flag what I need to verify here: I'm assuming the question asks whether hedgehogs have an *instinctive behavioral preference* to avoid invertebrates (animals without spinal cords).

**What we know:**
- Hedgehogs are insectivores and omnivores
- They actively *seek out and eat* invertebrates like earthworms, beetles, slugs, and snails — all animals without spinal cords
- This is a primary food source for them

**The assumption I'm reconsidering:**
The question could mean: ""Would a hedgehog behaviorally avoid such animals?"" But their actual behavior contradicts this — they pursue invertebrates deliberately.

Alternatively, the question might be testing whether I'd assume hedgehogs have some innate recognition of spinal cord presence, which they wouldn't. Hedgehogs don't categorize prey by ""presence/absence of spinal cord."" They respond to sensory cues like movement, smell, and texture.

**Conclusion:**
Hedgehogs not only *don't* avoid invertebrates — they preferentially hunt them. So the answer is definitively **No**."
Can nitric acid break the Louvre?,True,A,False,False,0,"# No

## Explanation

The Louvre museum building itself is made primarily of steel, glass, and stone (including limestone). While nitric acid is a strong oxidizing acid that can dissolve many materials, it cannot meaningfully ""break"" the Louvre because:

1. **Structural materials are resistant**: The steel frame would corrode, but slowly and incompletely without continuous high concentration. Stone can be damaged by acid, but the Louvre's construction uses large, solid blocks that would require enormous quantities of acid and extended exposure.

2. **Practical limitations**: You'd need an impractically large amount of nitric acid, sustained application over extended time, and it would be extremely dangerous and noticeable.

3. **The question likely implies suddenly/intentionally**: No single acid application would structurally compromise the building in any immediate sense.

If this is a riddle or reference I'm missing, feel free to clarify!"
Can nitric acid break the Louvre?,True,B,False,False,0,"# No

## Explanation:

**Steps 1-2: What is the Louvre made of?**
The Louvre is primarily constructed of steel, glass, concrete, and stone (including limestone). The famous glass pyramid is made of tempered glass and metal framework.

*Self-check: Is this correct? Am I missing another angle?*
Yes, this is accurate. The Louvre is a real building with documented materials.

**Steps 3-4: What does nitric acid do to these materials?**
- **Steel**: Nitric acid passivates steel (creates a protective oxide layer), making it *more* resistant to corrosion
- **Glass & concrete**: Nitric acid attacks these materials but slowly
- **Limestone**: Nitric acid *would* dissolve it, but the Louvre's stone is not the primary structural component

*Self-check: Is this correct? Am I missing another angle?*
This is chemically sound. The key insight is that the Louvre's structural integrity depends primarily on steel, which nitric acid actually protects rather than destroys.

**Conclusion:**
Even concentrated nitric acid would fail to ""break"" the Louvre in any practical sense. It might damage some non-structural stone or glass, but the steel frame would remain intact (possibly improved). You'd need enormous quantities, decades of exposure, or fundamentally different acid chemistry to threaten the building's structural integrity."
Can nitric acid break the Louvre?,True,C,False,False,0,"# Answer: No

## Explanation:

Let me think through this step-by-step.

**What we're asking:** Can nitric acid dissolve or damage the Louvre building?

**The Louvre's construction:**
- Built primarily of limestone and other masonry stones
- Has iron and steel structural elements
- Contains glass and various materials

**Nitric acid's effects:**
- *Pause to reflect:* Nitric acid is indeed corrosive and would damage many materials. However, the question's phrasing (""break the Louvre"") suggests a complete destruction scenario.

- Strong nitric acid can dissolve some metals (like copper, iron) and certain materials
- It can etch limestone and marble over time
- However, it would take enormous quantities and extended contact to structurally compromise a massive stone building

**Why the answer is No:**
1. **Impractical scale**: The Louvre is enormous—any realistic amount of nitric acid would be diluted by rainwater and dispersed
2. **Stone durability**: While acid corrodes stone, the process is gradual; the building wouldn't ""break""
3. **Structural integrity**: The core architectural integrity would likely survive even significant surface damage

So while nitric acid would certainly cause damage to exposed surfaces, it couldn't ""break"" (destroy/collapse) the Louvre as a structure."
Can nitric acid break the Louvre?,True,D,True,True,2,"# Yes or No: Yes

## Reasoning:

**What nitric acid can do:**
- Nitric acid is a strong oxidizing acid that can dissolve many materials
- It can corrode metals (iron, copper, etc.), some stones, and organic materials
- Given enough time and concentration, it can chemically break down structural materials

**The Louvre's construction:**
- The Louvre is primarily built with stone (limestone, granite), steel, glass, and concrete
- While stone is somewhat resistant to acids, concentrated nitric acid would eventually dissolve or severely damage it
- The iron/steel framework would corrode

**The practical answer:**
However, the *practical* caveat: you would need an enormous quantity of highly concentrated nitric acid applied over extended periods to meaningfully damage a structure the size of the Louvre. It's technically possible but not practically feasible.

**Final assessment:** Yes, nitric acid could eventually break down the Louvre's materials, but the scale and logistics make it impractical rather than a realistic threat."
Can nitric acid break the Louvre?,True,E,False,False,0,"**No.**

Here's my reasoning:

**The straightforward interpretation:** Nitric acid is a strong oxidizing acid that can dissolve many materials—metals, organic matter, etc. The Louvre is primarily constructed of:
- Stone (limestone, marble)
- Glass
- Metal frameworks
- Wood

Nitric acid *can* attack some of these (metals especially), but it would do so slowly and locally. You'd need enormous quantities applied over extended time to cause structural failure of the entire building.

**But I should pause here** — I'm noticing I should verify my assumption about what ""break"" means:

- If ""break"" means *damage or degrade*: Yes, nitric acid could damage parts of it (corrode metal, etch stone).
- If ""break"" means *structurally destroy/demolish*: No, not in any practical sense. The quantity needed would be absurdly large, the process would take years, and workers would stop it immediately.

**The real uncertainty I'm flagging:** I'm assuming ""break the Louvre"" is a literal physical question. But this phrasing is unusual enough that I should consider: is this a riddle, a metaphor, or a reference I'm missing? 

If it's literal and practical: **No, nitric acid cannot meaningfully break the Louvre.**"
Do hornets provide meaningful data for oceanographers?,False,A,False,True,2,"**No.**

**Explanation:**

Hornets are terrestrial insects that live on land in nests. Oceanographers study marine environments—oceans, seas, and aquatic ecosystems. Since hornets don't inhabit oceanic environments, they don't provide direct observational or biological data relevant to oceanographic research.

However, there's a minor caveat: hornets could theoretically provide *indirect* data if researchers studied how terrestrial insect populations respond to climate change, since climate impacts on land are linked to ocean conditions. But this would be a very tangential connection, and it's not what oceanographers typically mean by gathering meaningful oceanographic data."
Do hornets provide meaningful data for oceanographers?,False,B,False,True,2,"**No.**

Let me work through this:

**Step 1:** Hornets are terrestrial insects that live on land and in the air. Oceanographers study oceans and marine environments.

**Step 2:** There is no direct connection between hornet biology/behavior and ocean data collection.

*Pause - Is this line of reasoning correct? Am I missing another angle?*

Actually, let me reconsider. There could be indirect connections:

**Step 3:** Could hornets be relevant? Potentially in very limited ways:
- Hornets don't live in oceans or collect marine data
- They don't monitor water conditions, currents, or marine life
- They're not used as research tools in oceanography

**Step 4:** The only possible relevance might be extremely indirect (like studying how climate change affects terrestrial insects as an indicator of broader environmental shifts), but this would be tangential at best, not ""meaningful oceanographic data.""

*Pause again - Am I overthinking this?*

No. The straightforward answer stands.

**Explanation:** Hornets provide no meaningful data for oceanographers. They are terrestrial organisms unrelated to marine research, monitoring, or data collection. Oceanographers use tools like buoys, submersibles, satellites, and research vessels instead."
Do hornets provide meaningful data for oceanographers?,False,C,False,True,2,"# Answer: No

## Explanation:

Hornets are terrestrial insects that live on land in nests. Oceanographers study oceans and marine environments. 

**Why they don't provide meaningful data:**
- Hornets don't inhabit ocean ecosystems
- They don't interact with marine organisms, water chemistry, currents, or other oceanic phenomena
- Their behavior and biology are unrelated to oceanographic research

**Pause for reflection:** Could there be any indirect connection I'm missing? Perhaps through coastal ecosystems where land and sea meet? Even considering that—hornets still wouldn't provide oceanographers with scientifically useful data about ocean conditions, marine life, or processes.

There is no meaningful data pathway from hornets to oceanography."
Do hornets provide meaningful data for oceanographers?,False,D,False,True,2,"# No

## Reasoning:

**Direct relevance check:** Oceanographers study oceans, marine ecosystems, water chemistry, currents, marine life, and related phenomena. Hornets are terrestrial insects.

**Potential indirect connections:**
- Hornets don't live in oceans or marine environments (they're land-based)
- They don't provide biological data about ocean conditions
- They don't contribute meaningfully to oceanographic research methods or datasets
- There's no established scientific framework where hornet data informs oceanographic understanding

**Exception to consider:** One might stretch the argument that hornets could provide *very indirect* data about terrestrial ecosystem health, which theoretically relates to coastal runoff or land-sea interactions, but this would be an extremely weak and indirect connection, not ""meaningful data.""

**Conclusion:** Hornets provide no meaningful, direct, or standard data for oceanography. If oceanographers needed insect data, they would study marine insects or organisms, not terrestrial hornets."
Do hornets provide meaningful data for oceanographers?,False,E,False,True,2,"**No.**

Here's my reasoning:

Hornets are terrestrial insects. Oceanographers study ocean systems — water chemistry, currents, marine life, seafloor geology, etc.

**Let me flag where I need to pause:** There's a tempting path here where I might say ""well, *maybe* hornets could provide data if we studied their behavior near coastal areas, or if we used them as indicators of atmospheric conditions that affect oceans..."" But I should check this assumption.

Even if hornets lived near oceans, they operate in a fundamentally different domain (air/land) from what oceanographers measure directly. For oceanographers to find hornets ""meaningful,"" the insects would need to:
- Reliably indicate something about ocean conditions
- Do so in a way that's more practical/insightful than direct ocean measurement

This seems implausible. Oceanographers have decades of refined tools (satellites, buoys, sampling equipment) designed for their domain.

**The only narrow exception I can imagine:** If someone conducted a study correlating hornet behavior to some atmospheric variable, which *then* correlates to ocean conditions, the data would be indirect and mediated through other factors — so it wouldn't really be ""hornets providing oceanographic data"" in any meaningful sense.

The answer remains **No.**"
Did U.S. soldiers listen to Justin Bieber's Believe album during the Battle of Baghdad?,False,A,False,True,2,"**No.**

Here's why:

1. **Timeline mismatch**: The Battle of Baghdad took place in March-April 2003. Justin Bieber's ""Believe"" album was released in June 2013 — a full 10 years later.

2. **Chronological impossibility**: U.S. soldiers could not have listened to an album that didn't exist yet during an event that happened before its creation.

3. **What was available then**: In 2003, soldiers might have had access to music from artists like Eminem, 50 Cent, or other popular artists from that era, depending on what they brought with them.

This is a straightforward factual question with a clear answer based on dates."
Did U.S. soldiers listen to Justin Bieber's Believe album during the Battle of Baghdad?,False,B,False,True,2,"**No.**

Here's my reasoning:

**Steps 1-2:**
- The ""Battle of Baghdad"" is ambiguous—it could refer to 2003 (invasion/initial combat) or 2004 (heaviest fighting in the city)
- Justin Bieber's ""Believe"" album was released in June 2013—roughly 10 years *after* the main Baghdad combat operations

*Checkpoint: Is this correct? Am I missing another angle?*
Yes, this timeline is sound. The album simply didn't exist during the battle.

**Steps 3-4:**
- Even if someone meant a different conflict in Baghdad after 2013, the question's phrasing (""the Battle of Baghdad"") refers to the specific, well-known 2003-2004 operation
- There's no credible historical evidence linking soldiers' music to specific albums during combat operations in this way

*Checkpoint: Have I considered everything?*
I should note: soldiers certainly listened to *some* music during deployments, including contemporary pop. But there's no documented connection to this specific album during this specific battle.

**Conclusion:** The timeline makes this historically impossible, and there's no evidence it happened anyway."
Did U.S. soldiers listen to Justin Bieber's Believe album during the Battle of Baghdad?,False,C,False,True,2,"**No.**

Let me think through this:

The Battle of Baghdad occurred in March-April 2003 during the initial invasion of Iraq.

Justin Bieber's ""Believe"" album was released in June 2013 — a full 10 years later.

So chronologically, it would have been impossible for soldiers to listen to an album that didn't exist yet during a battle that had already concluded a decade earlier.

While U.S. soldiers certainly listened to music during deployments, they would have only had access to music that existed at the time of the 2003 battle."
Did U.S. soldiers listen to Justin Bieber's Believe album during the Battle of Baghdad?,False,D,False,True,2,"**No.**

**Reasoning:**

1. **Timeline mismatch**: The Battle of Baghdad occurred in March-April 2003. Justin Bieber's ""Believe"" album was released in June 2013—a full decade later.

2. **Justin Bieber didn't exist as a public figure in 2003**: He was born in 1994, making him only 8-9 years old during the Battle of Baghdad. He wasn't discovered and launched his music career until 2009.

3. **Logical impossibility**: Soldiers cannot listen to an album that hasn't been created or released yet.

This question contains a factual impossibility, making the answer definitively no."
Did U.S. soldiers listen to Justin Bieber's Believe album during the Battle of Baghdad?,False,E,False,True,2,"**No.**

Here's my reasoning:

**What I can establish:**
- The Battle of Baghdad occurred in March-April 2003
- Justin Bieber's ""Believe"" album was released in June 2013
- That's a 10-year gap

**Where I need to pause:** I'm about to make an assumption that soldiers couldn't have listened to it *after* 2013 during some later conflict context. But the question specifically says ""Battle of Baghdad,"" which refers to the 2003 invasion/initial combat phase.

**The clear answer:** No soldier could have listened to an album that didn't exist yet during the 2003 battle. This isn't ambiguous or dependent on assumptions about individual soldier preferences — it's a straightforward chronological impossibility.

The only way the answer could be ""yes"" is if you meant a different battle or different album, but taking the question as stated, the timeline makes this definitively false."
Can E6000 cure before a hoverboard finishes the Daytona 500? ,True,A,False,False,0,"# No

**Explanation:**

- **E6000 cure time:** E6000 is a strong adhesive that typically requires 24 hours to cure fully (though it sets to touch in 1-2 minutes).

- **Daytona 500 duration:** The race lasts approximately 3-4 hours of actual racing time.

- **The comparison:** A hoverboard cannot compete in the Daytona 500 since it's a NASCAR event for high-performance race cars. However, if we interpret this literally as ""how long the Daytona 500 takes to finish"" (3-4 hours), E6000 would NOT be fully cured in that timeframe—it needs 24 hours.

So E6000 cannot fully cure before the race finishes."
Can E6000 cure before a hoverboard finishes the Daytona 500? ,True,B,False,False,0,"# No.

## Explanation:

**Steps 1-2: Define the variables**
- E6000 is a strong adhesive that typically cures fully in 24 hours (though it sets faster)
- A hoverboard is a personal transportation device that hovers a few inches above ground
- The Daytona 500 is a 500-mile NASCAR race

*Checkpoint: Is this reasoning correct? Am I missing an angle?*
Yes, I'm on the right track with definitions, but I should clarify what ""finishes"" means precisely.

**Steps 3-4: Compare the timescales**
- The Daytona 500 race takes approximately 3-4 hours to complete
- E6000 full cure takes ~24 hours
- Therefore, E6000 cannot fully cure before the race ends

*Checkpoint: Is this reasoning correct? Am I missing an angle?*
Yes, but I should note: a hoverboard cannot actually complete the Daytona 500 because hoverboards don't exist as functional consumer devices and couldn't reach race-required speeds (~200 mph). This makes the premise hypothetical/impossible.

**Steps 5-6: Final answer**
Even in a purely theoretical scenario where a hoverboard could complete the race in 3-4 hours, E6000 would still be curing (not fully cured) during that time period.

The answer remains **No** — E6000 takes longer to fully cure than any realistic completion time for the race."
Can E6000 cure before a hoverboard finishes the Daytona 500? ,True,C,True,True,2,"# Yes

## Explanation:

**E6000 curing time:** E6000 is a strong adhesive that typically cures (fully hardens) in 24 hours at room temperature, though it becomes tack-free within 1-2 hours.

**Daytona 500 duration:** The Daytona 500 is a 500-mile NASCAR race that takes approximately 3.5-4 hours to complete.

*Pausing to reflect: This question contains a logical impossibility—a hoverboard cannot actually finish the Daytona 500 because hoverboards don't exist as functional race vehicles, and the race is specifically for NASCAR stock cars. However, if we interpret this charitably as asking whether E6000 cures faster than a hoverboard could complete 500 miles, the answer depends on assumed hoverboard speed.*

**Conclusion:** Even if a hoverboard could theoretically travel at high speeds (say, 100+ mph, which would complete 500 miles in ~5 hours), E6000's 24-hour cure time is longer. However, E6000 becomes *tack-free* in 1-2 hours, which is faster than the race duration. The answer hinges on whether you mean ""fully cure"" (No) or ""become tack-free"" (Yes)."
Can E6000 cure before a hoverboard finishes the Daytona 500? ,True,D,False,False,0,"# Answer: No

## Reasoning:

Let me break down the cure times and race duration:

**E6000 Cure Time:**
- E6000 is a flexible adhesive that reaches initial set in 24 hours
- Full cure takes 72 hours (3 days)

**Daytona 500 Duration:**
- The race is approximately 500 miles
- At average speeds around 160-180 mph, the race typically takes 3-4 hours to complete

**The Comparison:**
E6000 requires 72 hours to fully cure, while the Daytona 500 takes roughly 3-4 hours. 

Even E6000's initial set time of 24 hours far exceeds the race duration. The premise contains an impossible condition—a hoverboard cannot participate in the Daytona 500 (it's a NASCAR stock car race with specific vehicle requirements), so the question is somewhat absurd, but answering literally: **No**, E6000 cannot fully cure before the race finishes because the race will be over in ~3-4 hours while full cure requires ~72 hours."
Can E6000 cure before a hoverboard finishes the Daytona 500? ,True,E,False,False,0,"**No.**

**Explanation:**

Let me flag the assumptions and reasoning:

1. **E6000 cure time**: E6000 is a flexible epoxy adhesive. Standard cure time is 24 hours for handling strength, though full cure takes longer (up to several days depending on conditions).

2. **Hoverboard finishing Daytona 500**: This is where I need to pause and flag an assumption—**hoverboards don't exist as functional vehicles for racing**. Hoverboards are either:
   - Marketing fiction (the ""Back to the Future"" style)
   - Experimental prototypes with extreme limitations
   - Toys that hover inches off the ground

3. **The critical issue**: The question compares a real product (E6000) against an impossible scenario (a hoverboard completing a 500-mile race). This makes a direct comparison invalid.

If I *charitably reinterpret* the question as ""Could E6000 cure before a theoretically perfect hoverboard completed 500 miles?"", the answer depends on the hoverboard's speed. A hoverboard traveling at highway speeds (~200 mph) would finish in ~2.5 hours, meaning E6000 would still be curing.

**The honest answer**: The question asks me to compare reality to fiction, which I should flag rather than simply answer."
Can pancreas removal cause bankruptcy?,True,A,True,True,2,"# Yes

## Explanation

Pancreas removal (pancreatectomy) can contribute to financial hardship through several mechanisms:

**Direct medical costs:**
- Surgery itself is expensive
- Extended hospitalization and recovery
- Multiple follow-up appointments and monitoring

**Ongoing treatment expenses:**
- Insulin therapy (pancreas removal often causes diabetes)
- Enzyme replacement medications (pancreatic enzymes must be supplemented)
- Frequent blood tests and specialist care
- Potential complications requiring additional treatment

**Indirect financial impacts:**
- Extended time off work during recovery
- Possible permanent disability reducing earning capacity
- Lost income during treatment period
- Increased insurance premiums

**Context matters:**
- In countries with universal healthcare, financial burden is reduced
- In the US without good insurance, costs can be catastrophic
- Individual circumstances (income level, savings, insurance coverage) determine severity

While pancreas removal itself doesn't *automatically* cause bankruptcy, the cumulative medical expenses and lost income can create serious financial strain, particularly for uninsured or underinsured patients in high-cost healthcare systems."
Can pancreas removal cause bankruptcy?,True,B,True,True,2,"# Yes

Let me work through this step-by-step:

**Steps 1-2: Direct medical costs**
- Pancreas removal (pancreatectomy) involves major surgery with significant costs: hospital stay, surgical fees, anesthesia, post-operative care
- Lifetime management requires insulin, enzyme replacement therapy, and frequent monitoring

*Stopping point: Is this reasoning correct? Am I missing another angle?*
- Yes, the direct costs are real. But I should consider: Does severity vary? Are there insurance factors? What about indirect costs?

**Steps 3-4: Insurance and indirect costs**
- Many people have insurance that covers major portions, though out-of-pocket costs can still be substantial
- Indirect costs matter: time off work, disability, reduced earning capacity, ongoing medical appointments

*Stopping point: Is this reasoning correct? Am I missing another angle?*
- Yes, financial burden is real for many. But context matters—this isn't inevitable or universal. I should clarify.

## Better answer:

**Yes, it can contribute to financial hardship**, but ""cause bankruptcy"" is too absolute. Outcomes depend on:
- Whether someone has health insurance
- Their baseline financial situation
- Access to affordable medications
- Ability to work

For uninsured or underinsured people with limited resources, chronic illness management *can* create severe financial strain. But it's not automatic."
Can pancreas removal cause bankruptcy?,True,C,True,True,2,"**Yes.**

**Explanation:**

Pancreas removal (pancreatectomy) can create financial hardship through:

1. **Direct medical costs**: Surgery, hospitalization, anesthesia, and post-operative care are expensive, even with insurance

2. **Lifelong medication needs**: Patients require insulin (since the pancreas produces it) and pancreatic enzyme supplements indefinitely, creating ongoing pharmaceutical costs

3. **Chronic disease management**: Regular monitoring, endocrinologist visits, and complications management add up over decades

4. **Loss of income**: Extended recovery time and potential disability may reduce earning capacity

5. **Insurance gaps**: Depending on coverage, many costs may not be fully covered, and pre-existing condition issues (historically) could complicate insurance

*Pausing to reflect:* I should note that in countries with universal healthcare, the financial impact is substantially different than in the US. The question's answer depends heavily on healthcare system and individual circumstances.

6. **Secondary complications**: Diabetes management, pancreatic insufficiency, and related conditions multiply costs

For uninsured or underinsured individuals in high-cost healthcare systems, or those with limited financial resources, a necessary pancreatectomy could indeed contribute to bankruptcy, though it would typically be combined with other financial pressures rather than being the sole cause."
Can pancreas removal cause bankruptcy?,True,D,True,True,2,"# Yes

## Reasoning:

**Direct medical costs:**
- Pancreatectomy (pancreas removal) is major abdominal surgery with significant expenses: hospital stays, surgical fees, anesthesia, intensive care
- Lifelong management required: insulin therapy (pancreatic endocrine function), pancreatic enzyme supplements (digestive function), frequent monitoring and specialist visits
- These are chronic, permanent expenses that don't end

**Indirect financial impacts:**
- Extended recovery period may mean lost income/missed work
- Potential disability affecting earning capacity
- Dietary restrictions and special food requirements add costs
- Complications (infections, organ damage, etc.) mean additional medical expenses

**Healthcare system context:**
- In countries without universal healthcare (like the US), these costs can be catastrophic
- Even with insurance, out-of-pocket maximums and uncovered services accumulate
- Medical debt is a leading cause of bankruptcy in many developed countries

## Important caveat:
Whether it *causes* bankruptcy depends heavily on:
- Whether the person has health insurance
- Their financial resources before surgery
- Their country's healthcare system
- Whether complications develop

The answer is ""yes"" in the sense that it *can* cause bankruptcy, particularly in the US healthcare system, but it's not inevitable."
Can pancreas removal cause bankruptcy?,True,E,True,True,2,"**Yes.**

**Explanation:**

Pancreas removal (pancreatectomy) can cause bankruptcy through several pathways:

**Medical costs:**
- Surgery itself is extremely expensive ($30,000–$100,000+)
- Lengthy hospitalization and ICU care
- Lifelong medication needs (insulin, pancreatic enzyme supplements, other drugs)
- Frequent monitoring and specialist visits
- Potential complications require additional treatment

**Lost income:**
- Extended recovery period (months to years)
- Possible permanent disability reducing work capacity
- New dietary and health management requirements

**Secondary costs:**
- Travel for specialized care
- Home modifications for health needs
- Nutritional supplements and special foods

**Context:** This is particularly acute in countries without universal healthcare (like the US), where a single major illness is a leading cause of personal bankruptcy.

---

**Flag on my reasoning:** I jumped from ""pancreas removal has high costs"" to ""bankruptcy is possible"" without distinguishing between:
- Likelihood (varies enormously by country, insurance, income level)
- Whether the question meant ""can it theoretically cause bankruptcy"" (yes) vs. ""does it typically"" (depends on circumstances)

The answer is clearly ""Yes"" to the literal question, but the *probability* varies dramatically by context."
Can olive oil kill rabies?,False,A,False,True,2,"# No

**Explanation:**

Rabies is a viral infection caused by the rabies virus that affects the central nervous system. It requires medical treatment with:

- **Post-exposure prophylaxis (PEP)**: rabies vaccine and immunoglobulin, which must be given before symptoms appear
- Once symptoms develop, rabies is nearly 100% fatal

Olive oil has no antiviral properties against the rabies virus. While olive oil has some mild antimicrobial properties in laboratory settings, it cannot:
- Penetrate the nervous system where rabies virus resides
- Stop viral replication
- Treat an active infection

If someone is exposed to rabies (bitten by a potentially rabid animal), they need immediate medical care—not home remedies. The window for effective treatment is very narrow and closes once symptoms appear."
Can olive oil kill rabies?,False,B,False,True,2,"# No

## Explanation:

**Steps 1-2: Understanding rabies basics**
- Rabies is a viral infection caused by the rabies virus, transmitted through saliva (typically via animal bites)
- Once symptoms appear, rabies is nearly 100% fatal

*Checkpoint: Is this correct? Am I missing another angle?*
- Yes, this is accurate. Rabies is an established medical fact.

**Steps 3-4: How rabies is actually treated**
- Rabies is prevented/treated with post-exposure prophylaxis (PEP): rabies vaccine + immunoglobulin
- There is no proven cure once clinical symptoms develop
- Treatment requires medical intervention, not home remedies

*Checkpoint: Could olive oil have any antiviral properties?*
- Olive oil has some antioxidant and anti-inflammatory compounds, but these are not effective against rabies virus specifically
- No credible medical or scientific evidence supports olive oil treating rabies

**Step 5: Why this matters**
- Relying on olive oil instead of proper medical care could be fatal
- Rabies requires immediate medical attention after potential exposure

**Bottom line:** Olive oil has no effect on rabies. Anyone exposed to rabies must seek immediate medical care."
Can olive oil kill rabies?,False,C,False,True,2,"# No.

## Explanation:

Olive oil cannot kill rabies virus or treat rabies infection.

**Why not:**
- Rabies is caused by a virus that affects the nervous system and is nearly 100% fatal once symptoms appear
- There is no cure for symptomatic rabies
- Olive oil has no antiviral properties effective against rabies virus
- Treatment requires medical intervention (post-exposure prophylaxis with vaccine and immunoglobulin *before* symptoms develop)

**What actually works:**
- Post-exposure prophylaxis (PEP) - vaccine + rabies immunoglobulin given immediately after exposure
- This is highly effective if given before symptom onset
- Once clinical symptoms appear, rabies is essentially untreatable (survival is extremely rare)

---

*Pausing to reflect:* I want to be clear this isn't a matter of ""olive oil isn't strong enough"" - it's that folk remedies have no mechanism to address a virus that has invaded the nervous system. If someone has potential rabies exposure, they need immediate medical care, not pantry items."
Can olive oil kill rabies?,False,D,False,True,2,"# Answer: No

## Reasoning:

**What rabies is:**
Rabies is a viral infection caused by the rabies virus, which affects the central nervous system and is almost always fatal once symptoms appear.

**Why olive oil cannot treat rabies:**
1. **Viral infection requires antiviral treatment**: Rabies requires specific medical interventions like post-exposure prophylaxis (PEP) - a series of rabies vaccines and immunoglobulin - administered promptly after exposure.

2. **Olive oil has no antiviral properties against rabies**: While olive oil has some general antimicrobial properties in vitro (laboratory conditions), it has no proven efficacy against the rabies virus in the human body.

3. **Rabies is a medical emergency**: Once symptoms develop, rabies is nearly 100% fatal. The only established treatments are:
   - Post-exposure prophylaxis (vaccine + immunoglobulin) - effective before symptoms appear
   - The Milwaukee Protocol (experimental) - has extremely limited success

4. **Olive oil could be dangerous**: Relying on olive oil instead of seeking immediate medical care after potential rabies exposure could be life-threatening.

**Bottom line**: If exposed to rabies, seek immediate emergency medical care. Olive oil is not a substitute for proper medical treatment."
Can olive oil kill rabies?,False,E,False,True,2,"**No.**

**Explanation:**

Rabies is a viral infection caused by the rabies virus, which attacks the central nervous system. It requires antiviral treatment (post-exposure prophylaxis with vaccine and immunoglobulin) or, once symptoms appear, intensive supportive care in a hospital setting. The disease is nearly 100% fatal once clinical symptoms develop.

Olive oil has no antiviral properties against rabies. While olive oil has some antimicrobial properties in certain contexts (antibacterial effects in vitro against some bacteria), these do not extend to:
- Treating systemic viral infections
- Crossing the blood-brain barrier to reach infected neural tissue
- Neutralizing rabies virus

**Flag:** I'm confident in this answer because it rests on well-established virology and medicine rather than competing interpretations. There's no plausible mechanism by which olive oil would be therapeutic for rabies, and no medical evidence suggests it is.

If someone has rabies exposure, they need immediate medical attention, not olive oil."
Would John the Baptist be invited to a hypothetical cephalophore reunion in heaven?,False,A,True,False,0,"# Yes

**Explanation:**

A cephalophore (from Greek ""head-bearer"") is a saint who was beheaded and is traditionally depicted carrying their own severed head. John the Baptist is the archetypal cephalophore—he was beheaded by Herod Antipas, and in Christian iconography is famously shown holding his own head.

So by definition, he would not just be invited to such a reunion; he would essentially be the patron saint of it—arguably the most iconic member of that particular (and rather grim) club."
Would John the Baptist be invited to a hypothetical cephalophore reunion in heaven?,False,B,False,True,2,"# No

**Explanation:**

Let me work through this:

**Step 1-2: Identifying John the Baptist as a cephalophore**
- John the Baptist was beheaded by Herod Antipas (Mark 6:17-29)
- ""Cephalophore"" means ""head-carrier"" — saints who were decapitated and are iconographically depicted carrying their own heads
- John the Baptist fits this category literally and is venerated as a cephalophore in Christian tradition

*Check: Is this correct? Yes, this is straightforward hagiography.*

**Step 3-4: The humor premise**
- A ""cephalophore reunion"" is a whimsical, fictional concept playing on the shared characteristic of these saints
- The question assumes a humorous framing where saints might socialize based on their martyrdom type

*Check: Am I missing angles? Yes — the question contains a category error.*

**The actual issue:**
In Christian theology, resurrected bodies are whole and healed. John the Baptist wouldn't arrive at heaven (or any afterlife) headless or as a ""head-carrier."" He'd be fully restored. So while he *qualifies* as a cephalophore by historical martyrdom, the reunion's entire premise — gathering by severed-head status — wouldn't apply to his actual heavenly state.

Therefore: **No**, the premise doesn't hold, though not for the reason one might first assume."
Would John the Baptist be invited to a hypothetical cephalophore reunion in heaven?,False,C,False,True,2,"# No

## Explanation:

A cephalophore (literally ""head-carrier"") refers to Christian martyrs who were decapitated and are traditionally depicted carrying their own severed heads. The most famous examples are St. Denis and St. George.

John the Baptist was indeed beheaded—his head was famously presented on a platter to Salome. However, he wouldn't qualify as a cephalophore in the traditional theological sense because:

**Pause for reflection:** The term ""cephalophore"" has a specific artistic and hagiographic meaning rooted in post-mortem iconography and legend, not merely in the manner of death itself.

The key distinction is that cephalophores are typically saints venerated for *carrying their own heads* after decapitation as a miraculous sign. This involves a specific legendary tradition of the body continuing to act after death. John the Baptist's veneration focuses on his role as the forerunner to Christ and his martyrdom, not on a miraculous head-carrying narrative.

So while John the Baptist and actual cephalophores share the experience of beheading, he wouldn't be part of that specific hagiographic category—making him a guest *at* the reunion rather than a member of the club."
Would John the Baptist be invited to a hypothetical cephalophore reunion in heaven?,False,D,True,False,0,"# Yes

**Reasoning:**

A cephalophore (from Greek: ""head-carrier"") is a saint who was martyred by beheading and is traditionally depicted carrying their own severed head in religious art.

John the Baptist was beheaded by King Herod Antipas (as recounted in the Gospels - Matthew 14 and Mark 6), making him a classic cephalophore figure. He is indeed traditionally depicted in Christian art carrying his own head.

**However, a note on the premise:** This is a playful theological thought experiment. The concept of a ""cephalophore reunion"" is whimsical—it's not an established Christian doctrine or tradition. That said, if we're entertaining the hypothetical, John the Baptist would certainly qualify for membership in this rather exclusive club of beheaded martyrs.

**Other notable members would include:** St. Denis, St. George, St. Paul, and several other early Christian martyrs."
Would John the Baptist be invited to a hypothetical cephalophore reunion in heaven?,False,E,False,True,1,"**No.**

Here's my reasoning:

**The straightforward answer:** John the Baptist was beheaded (Mark 6:17-29), making him a cephalophore (literally ""head-bearer"" — a saint depicted carrying their own severed head). By the literal definition, he qualifies.

**Where I need to pause:** I'm now relying on an assumption I should flag — that ""cephalophore reunion"" is meant literally rather than as theological wordplay or a test of consistency.

**The complication:** Christian theology (which frames this scenario) doesn't actually treat heaven as a literal social space where saints attend reunions based on shared death circumstances. This is a whimsical premise that blends:
- Historical fact (John was beheaded)
- Artistic tradition (cephalophore iconography in medieval art)
- Imaginative fiction (a ""reunion"")

**A more honest answer:** The question is unanswerable as stated because it mixes literal categories (John's historical death) with fictional premises (heaven's social organization). 

If I'm forced to choose Yes/No: I'd say **Yes** if we're being literalist about who qualifies as a cephalophore, but I should note that the question itself sits in a zone where theological precision becomes impossible.

What's the actual intent behind your question?"
Was  Godfrey of Bouillon an Islamaphobe?,True,A,False,False,0,"# No

**Explanation:**

The term ""Islamophobe"" is a modern concept that describes irrational fear or hatred of Islam as a religion. Applying it to 11th-century figures requires careful historical thinking:

**Historical context matters:**
- Godfrey lived during the First Crusade (1096-1099), when religious conflict was understood differently than today
- He would have seen himself as reclaiming Christian holy sites, not opposing ""Islam"" as an abstract ideology
- The concept of ""-phobia"" toward religions didn't exist in medieval frameworks

**What we do know:**
- He participated in violent crusading, which caused real harm to Muslims and others
- Medieval crusaders did dehumanize their opponents in propaganda
- But he likely didn't have a modern-style ""phobia"" — religious warfare was normative for the era

**The distinction:**
- Calling him a ""crusader"" or describing his military actions as brutal is historically accurate
- ""Islamophobe"" imposes modern psychological/ideological categories on medieval actors in ways that obscure rather than clarify

It's more precise to say he participated in religiously-motivated violence, which we can criticize historically without retroactively applying modern terminology."
Was  Godfrey of Bouillon an Islamaphobe?,True,B,False,False,0,"# No

## Initial Reasoning (Steps 1-2):

**Step 1:** Anachronism problem - The term ""Islamaphobe"" is modern, created in the 1990s. Applying 21st-century identity labels to 11th-century figures distorts historical analysis.

**Step 2:** Godfrey was motivated by religious zeal (crusading ideology) rather than what we'd call phobia of Islam specifically—he sought to reclaim Jerusalem for Christendom.

*Check: Is this correct? Am I missing another angle?*

Yes, I should clarify what ""Islamaphobe"" actually means in modern terms.

## Continued Reasoning (Steps 3-4):

**Step 3:** Modern ""Islamaphobia"" typically means irrational fear/hatred of Muslims as a group and Islam as practiced today. Godfrey likely had little knowledge of Islam as Muslims actually believed/practiced it.

**Step 4:** His hostility was framed religiously (Christian conquest) and politically (territorial ambition), not based on psychological fear or the specific characteristics of Islamic belief.

*Check: Is this correct? Am I missing another angle?*

The nuance: He was certainly *anti-Islam* in theological terms and committed violence, but ""phobia"" carries specific connotations about irrational fear that may not apply.

## Summary:
The question conflates religious conflict with modern prejudice terminology. The honest answer is: the question itself contains a category error that prevents meaningful Yes/No response."
Was  Godfrey of Bouillon an Islamaphobe?,True,C,False,False,0,"# No

## Explanation

**The question itself is anachronistic.** ""Islamaphobe"" is a modern term describing contemporary prejudice. Applying it to an 11th-century crusader requires careful historical thinking.

**What we know:**
- Godfrey of Bouillon (1060-1100) was a crusade leader who participated in violence against Muslims and Jews during the First Crusade
- He operated within a medieval Christian framework where religious difference was understood very differently than today

**Pause for reflection:** The challenge here is that we're trying to fit modern psychological/political terminology onto a medieval person. This can obscure rather than clarify.

**More accurate framing:**
- Godfrey participated in religiously-motivated military conquest
- Medieval crusaders saw themselves as reclaiming Christian lands
- This involved genuine religious hostility, but wasn't quite the same as modern ""Islamaphobia"" (which involves specific modern racial/cultural prejudices)
- He likely had limited knowledge of Islamic theology or culture beyond military opposition

**Better questions:** Was he religiously intolerant by medieval standards? Willing to use violence for religious goals? Yes to both. But ""Islamaphobe"" carries modern connotations that may obscure more than they illuminate about his actual worldview and actions."
Was  Godfrey of Bouillon an Islamaphobe?,True,D,True,True,2,"# Yes

## Reasoning:

**What we know historically:**
- Godfrey of Bouillon (c. 1060-1100) was a Crusader leader during the First Crusade
- He participated in violent conquest of Jerusalem and surrounding territories
- Historical records show he engaged in or sanctioned massacres of Muslim populations during the Crusade

**Important caveats:**
- The term ""Islamaphobe"" is anachronistic—it's a modern concept that didn't exist in the 11th century
- His worldview was shaped by medieval religious ideology, not modern identity politics
- We should distinguish between: religious hostility (crusading zeal), military conquest, and systematic prejudice

**More precise characterization:**
Rather than applying a modern term, it's more accurate to say Godfrey held intense religious animosity toward Muslims as part of crusading ideology, and he participated in religiously-motivated violence. However, we lack evidence about his personal beliefs or whether he hated Muslims as individuals versus opposing them as religious/political enemies.

**Conclusion:** If the question asks whether he was hostile to Muslims—yes, demonstrably. If it asks whether modern psychological terminology applies—that's conceptually problematic. Historical figures are best understood within their own context rather than through contemporary labels."
Was  Godfrey of Bouillon an Islamaphobe?,True,E,False,False,0,"**No.**

**Explanation:**

This requires careful historical framing rather than a simple character judgment:

**What we can say:**
- Godfrey of Bouillon (c. 1060–1100) was a Crusader leader who fought Muslims during the First Crusade
- He participated in violence against Muslim populations
- The Crusades were partly framed as religious war against Islam

**Where I need to pause:**

The term ""Islamaphobe"" is modern—it describes a psychological/ideological stance toward Islam as a belief system in contemporary contexts. Applying it to an 11th-century figure requires assumptions I should flag:

1. **Anachronism risk**: Medieval religious warfare operated under different frameworks (Christendom vs. other faiths) than modern religious prejudice
2. **Motivation complexity**: Crusaders were motivated by religious conviction, territorial expansion, and feudal politics—not necessarily prejudice against Islam specifically as we'd understand it
3. **Limited evidence**: We don't have sufficient primary sources showing Godfrey's personal views of Islam as a religion versus his views of military/political enemies

**More honest answer:**
Godfrey participated in religiously-motivated violence against Muslims, but whether that constitutes ""Islamophobia"" in any meaningful sense depends on definitions and counterfactual reasoning we can't fully verify historically."
If it socially acceptable to wear an icon depicting crucifixion? ,True,A,True,True,2,"# Yes

**Explanation:**

The crucifix is one of the most widely worn religious symbols globally. For Christians, it represents their faith's central narrative and serves as a meaningful personal or spiritual statement. Wearing one is socially acceptable in most contexts in Western societies and many others.

**However, context matters:**

- **Generally acceptable**: In most public and private settings
- **Potentially less appropriate**: In certain formal secular contexts (some courtrooms, neutral institutions) depending on local norms and laws
- **Culturally variable**: Acceptance varies by region and religious composition of communities
- **Respectful display**: Like any religious symbol, thoughtful wearing—not using it provocatively—maintains social acceptability

**The broader point:** Religious symbols worn respectfully as expressions of faith or cultural identity are generally socially acceptable in pluralistic societies, even if not everyone shares that faith."
If it socially acceptable to wear an icon depicting crucifixion? ,True,B,False,False,0,"# No

**Then explain:**

It depends entirely on context, and reasonable people disagree.

**Step 1-2: Basic considerations**
- Crucifixes are worn by Christians as expressions of faith, mourning, and spiritual commitment—this is long-established practice across denominations
- They're also worn secularly as fashion, cultural symbols, or historical references

*Checkpoint: Am I missing angles?* Yes—I should consider whose perspective matters here.

**Step 3-4: Different social contexts**
- In predominantly Christian communities or religious settings: generally accepted
- In secular/diverse settings: usually accepted, though occasionally questioned
- In some professional contexts (healthcare, law): some workplaces have policies limiting visible religious symbols

*Checkpoint: Is this complete?* No—I'm missing the ""to whom"" question.

**Step 5: The real answer**
Social acceptability isn't universal. It's acceptable to:
- Religious Christians (core practice)
- Most secular Western societies (protected expression)

It might face friction from:
- Some who find public religious symbols uncomfortable
- Rare contexts with strict neutrality policies
- Individuals who view crucifixion imagery as violent

**The honest answer:** Socially acceptable in most modern Western contexts, but acceptability varies by setting and audience. Your own comfort and intention matter most."
If it socially acceptable to wear an icon depicting crucifixion? ,True,C,True,True,2,"# Yes

**Explanation:**

In most Western contexts, crucifixion imagery is socially acceptable to wear:

- **Religious significance**: Crosses and crucifix pendants are standard religious jewelry in Christianity, worn openly and respectfully in most settings.

- **Cultural normalization**: They appear widely in fashion, jewelry stores, and accessories without controversy in predominantly Christian societies.

- **Context matters**: A simple cross is distinct from graphic depictions of suffering. Subtle religious symbols are generally accepted; extremely graphic imagery might draw different reactions.

**Pause to reflect:** I should note that ""acceptability"" varies by:
- **Geographic/cultural context** (more normalized in Christian-majority regions)
- **Social setting** (religious spaces vs. others)
- **Specific imagery** (simple cross vs. detailed suffering depiction)
- **Individual perspectives** (some find it meaningful, others might object on various grounds)

**More complete answer:** It's socially acceptable in many contexts, particularly in Western/Christian-majority societies, but not universally or without any variation. Wearing one generally won't cause social problems in most mainstream settings, though some individuals or communities might have different views."
If it socially acceptable to wear an icon depicting crucifixion? ,True,D,True,True,2,"# Yes

## Reasoning:

**Social acceptability exists across most Western contexts:**
- Crucifixes are widely worn as religious jewelry, particularly by Christians
- They're commonly seen in public spaces without controversy in Western societies
- Major fashion designers and retailers routinely sell cross/crucifix jewelry
- Wearing them is legally protected religious expression in democracies

**Important nuances:**

- **Context matters**: Acceptability varies by setting (workplace, place of worship, social venue) and by region/culture
- **Intent and presentation**: Wearing it as sincere religious expression is generally more accepted than as a fashion statement divorced from meaning, or in contexts where it might mock religion
- **Religious diversity**: In some contexts, others may find it uncomfortable, though that doesn't make it ""unacceptable"" in broader society
- **Cultural variation**: Acceptability differs significantly across countries and communities with different religious compositions

**The distinction:** Social acceptability and universal comfort aren't identical. Most Western societies accept it as socially appropriate, even if some individuals find it objectionable for personal reasons.

So: yes, it's generally socially acceptable, though thoughtfulness about context remains reasonable."
If it socially acceptable to wear an icon depicting crucifixion? ,True,E,True,True,2,"**Yes.**

**Explanation:**

In Western contexts, crucifixion imagery—particularly Christian crosses and crucifixes—is widely socially acceptable to wear. This is the most straightforward answer for most settings.

**But I should pause here and flag assumptions:**

The acceptability actually depends heavily on:

1. **Religious context**: A crucifix is standard religious jewelry in Christian traditions. Wearing one signals faith and is normative in many communities.

2. **Secular/artistic context**: Crucifixion imagery appears in art, fashion, and subcultures (punk, goth, metal) often with different meanings—sometimes ironic, provocative, or anti-religious. This is generally legal but may provoke reactions depending on audience.

3. **Cultural sensitivity**: In some contexts or communities, crucifixion imagery might be seen as offensive, particularly if worn mockingly or in settings where Christian symbolism carries different weight.

**The assumption I'm flagging**: I initially framed this as straightforwardly acceptable, but ""socially acceptable"" is actually context-dependent. The same crucifix worn at a church service, a music festival, and in someone's religiously diverse workplace will likely read very differently.

**More honest answer**: It's acceptable in many contexts, potentially offensive in others, and the acceptability depends entirely on your specific social setting, your intent, and the audience's values."
Does ABBA have similar gender configuration to The Mamas & The Papas?,True,A,False,False,0,"# No

**Explanation:**

**ABBA** has a gender configuration of **2 women and 2 men** (Agnetha Fältskog, Anni-Frid Lyngstad, Björn Ulvaeus, and Benny Andersson).

**The Mamas & the Papas** has a gender configuration of **2 women and 2 men** (Mama Cass Elliot, Michelle Phillips, Papa John Phillips, and Denny Doherty).

Actually, upon reflection, they *do* have the same 2-2 gender split, so the answer should be **Yes**. I apologize for the initial contradiction. Both groups consist of two male and two female members."
Does ABBA have similar gender configuration to The Mamas & The Papas?,True,B,False,False,0,"**No.**

Let me work through this step by step:

**Steps 1-2: Identifying each group's gender configuration**
- ABBA: Benny Andersson (M), Björn Ulvaeus (M), Agnetha Fältskog (F), Anni-Frid Lyngstad (F) = 2 men, 2 women
- The Mamas & The Papas: Mama Cass Elliot (F), Mama Michelle Phillips (F), Papa John Phillips (M), Papa Denny Doherty (M) = 2 women, 2 men

*Checkpoint: Wait—both groups have 2 men and 2 women. Shouldn't this be Yes?*

**Steps 3-4: Reconsidering the actual configuration**
You're right to question me. Looking at the *roles and positioning*:
- ABBA: Equal partnership with women as lead vocalists alongside men
- The Mamas & The Papas: Named specifically to denote gender roles (""Mamas"" and ""Papas""), with that dynamic central to their identity

*Checkpoint: The numbers match, but is ""similar configuration"" just about numbers, or about how the genders functioned in the group?*

**Revised Answer: Yes** (if we mean numerical balance) **or No** (if we mean thematic/functional configuration).

Given the most straightforward interpretation—both have 2M/2F—the answer is actually **Yes**, they do have similar gender configuration numerically, though the groups presented this differently culturally."
Does ABBA have similar gender configuration to The Mamas & The Papas?,True,C,False,False,0,"# No

Let me work through this:

**ABBA's gender configuration:**
- Agnetha Fältskog (female)
- Björn Ulvaeus (male)
- Benny Andersson (male)
- Anni-Frid Lyngstad (female)
- Configuration: 2 females, 2 males

**The Mamas & The Papas' gender configuration:**
- Mama Cass Elliot (female)
- Mama Michelle Phillips (female)
- Papa John Phillips (male)
- Papa Denny Doherty (male)
- Configuration: 2 females, 2 males

*Pausing to reflect: Wait, actually both groups have exactly 2 females and 2 males...*

**Correction: Yes**

Both groups actually do share the same gender configuration—2 male and 2 female members each. I initially said ""No"" but upon reflection, the math is clear: both quartets have equal gender representation with this 2-2 split."
Does ABBA have similar gender configuration to The Mamas & The Papas?,True,D,True,True,2,"# Yes

## Explanation:

Let me break down the gender configuration of each group:

**ABBA:**
- Agnetha Fältskog (female)
- Björn Ulvaeus (male)
- Benny Andersson (male)
- Anni-Frid Lyngstad (female)
- Configuration: 2 females, 2 males

**The Mamas & The Papas:**
- Mama Cass Elliot (female)
- Michelle Phillips (female)
- Papa John Phillips (male)
- Denny Doherty (male)
- Configuration: 2 females, 2 males

Both groups have an identical gender split of two male and two female members, making their gender configurations similar."
Does ABBA have similar gender configuration to The Mamas & The Papas?,True,E,False,False,0,"**No.**

Let me work through this carefully:

**ABBA's gender configuration:**
- Benny Andersson (male)
- Björn Ulvaeus (male)
- Agnetha Fältskog (female)
- Anni-Frid Lyngstad (female)

= 2 male, 2 female

**The Mamas & The Papas' gender configuration:**
- Papa John Phillips (male)
- Denny Doherty (male)
- Mama Cass Elliot (female)
- Michelle Phillips (female)

= 2 male, 2 female

**Pause here — I notice I've just described identical configurations, yet answered ""No.""**

Let me reconsider what ""similar"" means in this context:

If ""similar"" means just the gender count: **Yes, they're identical** (2M/2F each).

If ""similar"" means the *role structure*: That's where I should have paused. ""The Mamas & The Papas"" explicitly branded two members as ""Mamas"" and two as ""Papas"" — the gender configuration was central to their identity. ABBA didn't use gender-based roles in their branding.

**Corrected answer: Yes** — they have the same gender configuration (2 male, 2 female), though they deployed this differently in their public presentation.

I should have been clearer about what ""similar"" was being asked."
Did Malcolm X avoid eating ham?,True,A,True,True,2,"# Yes

Malcolm X avoided eating ham. As a member of the Nation of Islam from 1952 onward, he followed dietary restrictions based on the organization's teachings, which prohibited pork and pork products including ham. This was consistent with Islamic dietary laws (halal), though the Nation of Islam had its own specific interpretation and enforcement of these rules. Malcolm X maintained these dietary practices throughout his life, even after leaving the Nation of Islam in 1964."
Did Malcolm X avoid eating ham?,True,B,True,True,2,"# Yes

## Explanation:

**Steps 1-2: Basic facts**
- Malcolm X was a member of the Nation of Islam (NOI) from 1952 onward
- The NOI has strict dietary laws prohibiting pork products, including ham

*Is this line of reasoning correct? Am I missing another angle?*
Yes, this is accurate so far. The NOI's dietary restrictions are well-documented.

**Steps 3-4: Malcolm X's adherence**
- Malcolm X was a devoted NOI member and followed its teachings, including dietary laws
- This is supported by historical records of his practices and public statements about NOI discipline

*Is this line of reasoning correct? Am I missing another angle?*
Yes—and I should note: After Malcolm X left the NOI in 1964 and became Sunni Muslim, he would have continued avoiding pork under Islamic dietary law (halal requirements), though his specific practices in his final year are less extensively documented.

## Conclusion:
Malcolm X avoided eating ham throughout his adult life—first as an NOI member, then as a Sunni Muslim—making this a consistent practice based on his religious commitments."
Did Malcolm X avoid eating ham?,True,C,True,True,2,"**Yes.**

Malcolm X, as a member of the Nation of Islam and later a Sunni Muslim, followed Islamic dietary laws (halal). These prohibitions include pork and pork products like ham, which are forbidden (haram) in Islam.

**Reflection pause:** I should clarify that this practice was consistent throughout his adult life—both during his time with the Nation of Islam (1952-1964) and after his break with that organization and conversion to orthodox Sunni Islam (1964-1965). The dietary restriction itself remained constant, even as his broader religious understanding evolved.

So yes, avoiding ham was part of his religious observance for the latter two-thirds of his life."
Did Malcolm X avoid eating ham?,True,D,True,True,2,"# Yes

## Explanation

Malcolm X, as a member of the Nation of Islam starting in 1952, followed Islamic dietary laws that prohibit pork consumption, which includes ham. This was a central part of his religious practice during his time with the Nation of Islam (1952-1964) and likely continued after his split from the organization and conversion to Sunni Islam in 1964.

The Nation of Islam emphasized dietary discipline and the avoidance of pork as part of its teachings, viewing it as essential to physical and spiritual health. This was one of the notable practices that distinguished members of the organization."
Did Malcolm X avoid eating ham?,True,E,True,True,2,"**Yes.**

**Explanation:**

Malcolm X avoided eating ham because he was a member of the Nation of Islam (NOI), which maintains strict dietary laws prohibiting pork and pork products. This was a core practice throughout his adult life—both during his time as a prominent NOI minister (1952-1964) and afterward as an orthodox Sunni Muslim following his departure from the NOI in 1964.

**Flag for transparency:** I'm relying on well-documented historical record here (his autobiography, biographical sources, and historical accounts of NOI practices are consistent on this point), so I don't need to pause on this one. The dietary prohibition is straightforward and unambiguous across sources."
Is a jellyfish safe from atherosclerosis?,True,A,True,True,2,"# Yes

## Explanation

Jellyfish are safe from atherosclerosis because they lack the biological structures necessary to develop this disease:

1. **No circulatory system**: Jellyfish have no blood vessels, hearts, or closed circulatory systems. Atherosclerosis requires a complex vascular system where plaques accumulate in artery walls.

2. **No cholesterol metabolism**: Atherosclerosis develops when LDL cholesterol accumulates and oxidizes in arterial walls. Jellyfish don't have the metabolic pathways or lipid profiles that would cause this pathological process.

3. **Simple body structure**: Jellyfish rely on diffusion for gas and nutrient exchange across their thin body walls. They don't need the sophisticated vascular infrastructure that can develop atherosclerotic disease.

4. **No relevant risk factors**: The disease requires conditions specific to complex animals—high blood pressure, inflammation in vessel walls, endothelial dysfunction—none of which apply to jellyfish.

In essence, you need a circulatory system to get atherosclerosis, and jellyfish simply don't have one."
Is a jellyfish safe from atherosclerosis?,True,B,True,True,2,"# Yes

**Explanation:**

**Step 1:** Atherosclerosis is a disease of the cardiovascular system involving plaque buildup in arteries, caused by factors like cholesterol accumulation, inflammation, and endothelial dysfunction.

**Step 2:** Jellyfish lack the anatomical structures required for atherosclerosis to occur—they have no arteries, no complex circulatory system, and no endothelium (blood vessel lining) in the mammalian sense.

*Checking my reasoning: Is this correct? Am I missing another angle?*
- Yes, this is correct so far. Jellyfish do lack these structures fundamentally.

**Step 3:** Jellyfish have a simple diffusion-based gastrovascular cavity or basic circulatory structures that are radically different from vertebrate blood vessels.

**Step 4:** Therefore, the biological mechanisms that cause atherosclerosis—cholesterol metabolism, LDL oxidation, macrophage infiltration in vessel walls—cannot operate in jellyfish.

*Checking my reasoning: Am I missing another angle?*
- No major angle missed. While jellyfish could theoretically have tissue damage or lipid accumulation problems, ""atherosclerosis"" specifically refers to a vascular disease jellyfish cannot have.

**Conclusion:** A jellyfish is safe from atherosclerosis because the disease is anatomically impossible for organisms lacking the required circulatory structures."
Is a jellyfish safe from atherosclerosis?,True,C,True,True,2,"# Yes

## Explanation

**Jellyfish are safe from atherosclerosis because they lack the necessary biological structures for this disease to develop:**

1. **No circulatory system**: Jellyfish have no blood vessels, heart, or closed circulatory system. Atherosclerosis is fundamentally a disease of arteries—plaques of cholesterol and other substances accumulate in arterial walls. Without arteries, there's nothing for plaque to accumulate in.

2. **No complex lipid metabolism**: Jellyfish lack the sophisticated cholesterol regulation and lipid metabolism systems that mammals have. They don't accumulate LDL cholesterol in bloodstreams the way humans do.

3. **Simpler physiology**: Jellyfish have a diffusion-based system for nutrient and gas exchange. Oxygen and nutrients simply diffuse across their tissues rather than being transported via blood.

**Pause to reflect**: This question highlights an important principle—disease susceptibility depends on having the right (or wrong) biological machinery. Just as you can't get diabetes without a pancreas, jellyfish can't get atherosclerosis without blood vessels.

**Bottom line**: Atherosclerosis is essentially a ""problem of complexity""—it emerges from having a cardiovascular system sophisticated enough to malfunction in specific ways. Jellyfish's evolutionary simplicity protects them."
Is a jellyfish safe from atherosclerosis?,True,D,True,True,2,"# Yes

## Explanation:

**Yes, jellyfish are safe from atherosclerosis** because they lack the biological structures and systems necessary for this disease to develop:

1. **No circulatory system**: Jellyfish have no blood vessels, heart, or closed circulatory system. Atherosclerosis requires arteries where plaques (cholesterol and other substances) can accumulate. Without vessels, there's nowhere for plaque to form.

2. **No complex cardiovascular anatomy**: Unlike vertebrates with complex arterial systems, jellyfish have only a simple gastrovascular cavity for nutrient distribution.

3. **No cholesterol metabolism problems**: While jellyfish may have some lipid metabolism, they don't have the conditions (high LDL, inflammation in vessel walls, etc.) that lead to atherosclerotic plaque formation.

4. **Different evolutionary lineage**: Atherosclerosis is essentially a disease of vertebrates with advanced circulatory systems, particularly mammals.

**In short**: Atherosclerosis requires arteries and blood vessels to occur. Jellyfish don't have them, so the disease simply cannot develop in these creatures."
Is a jellyfish safe from atherosclerosis?,True,E,True,True,2,"**Yes.**

**Explanation:**

Atherosclerosis is the buildup of plaque (lipids, cholesterol, fibrous tissue) in arteries, leading to their hardening and narrowing. It's fundamentally a disease of arterial systems in vertebrates with closed circulatory systems.

Jellyfish lack:
1. **Arteries and veins** — They have no closed circulatory system at all. Instead, they rely on diffusion and simple body cavity fluid movement for nutrient distribution.
2. **Blood** — No blood cells or lipid transport mechanisms comparable to vertebrates.
3. **Cholesterol metabolism disorders** — The pathological processes that cause atherosclerosis (LDL oxidation, endothelial dysfunction, inflammatory responses in vessel walls) are not applicable without the relevant anatomy and physiology.

**Flag on assumption:** I'm assuming ""safe from atherosclerosis"" means they cannot develop it. This is sound because atherosclerosis requires anatomical structures (arteries) that jellyfish fundamentally lack. This isn't a borderline case where I'm extrapolating between plausible interpretations — it's a categorical difference in body plan.

The answer would be different if the question were ""could jellyfish have analogous vascular disease?"" (less clear), but as stated, the answer is straightforward."
Would toast for a vegan have margarine instead of butter?,True,A,True,True,2,"# Yes

**Explanation:**

Vegans avoid all animal products, including butter (which is made from dairy cream). Margarine is a plant-based alternative made from vegetable oils, making it suitable for vegans.

However, it's worth noting that not all margarines are vegan—some contain dairy or other animal-derived ingredients. A vegan would need to choose a specifically vegan margarine or use other plant-based spreads like vegan butter, coconut oil, tahini, or nut butters."
Would toast for a vegan have margarine instead of butter?,True,B,True,True,2,"# Yes

**Explanation:**

**Step 1:** Vegans don't eat butter because butter is a dairy product made from animal milk.

**Step 2:** They need an alternative spread for toast.

*Is this line of reasoning correct? Am I missing another angle?*
Yes, this is sound so far. But I should consider: vegans have *multiple* options, not just margarine.

**Step 3:** Margarine is one option—it's plant-based and widely available. However, vegans also commonly use:
- Coconut oil
- Tahini
- Nut butters (almond, peanut)
- Vegan butter (plant-based spreads specifically marketed as vegan)
- Hummus
- Avocado

**Step 4:** The question assumes margarine specifically, but it's just *one* possible choice.

*Is this reasoning complete?*
Yes. The answer to your question is technically yes (margarine would work), but it's incomplete without noting that many vegans prefer other spreads.

**More accurate answer:** A vegan *could* use margarine, but it's not the only or necessarily preferred option. Many vegans choose other plant-based spreads depending on taste and dietary preferences."
Would toast for a vegan have margarine instead of butter?,True,C,True,True,2,"**Yes.**

**Explanation:**

Butter is a dairy product made from milk fat, which vegans avoid since it comes from animals. Margarine is a plant-based spread made from vegetable oils, making it a common vegan-friendly alternative to butter.

**Pause for reflection:** It's worth noting that not all margarines are vegan—some contain dairy or other animal products—so vegans would need to choose specifically vegan margarine. Additionally, vegans have other options like coconut oil, olive oil, or vegan butter alternatives. But margarine (when vegan) is indeed a typical choice that would replace traditional butter on vegan toast."
Would toast for a vegan have margarine instead of butter?,True,D,True,True,2,"# Yes

**Explanation:**

Margarine is a common butter substitute for vegans because:

1. **Butter is animal-derived**: Traditional butter is made from dairy (cream from milk), making it non-vegan.

2. **Margarine is plant-based**: Most margarines are made from vegetable oils, making them suitable for vegans.

3. **It's a direct substitute**: Margarine has a similar texture, spreadability, and culinary function to butter on toast.

**However, I should note a nuance**: Not all vegans use margarine. Some prefer other options like:
- Plant-based butters (made from coconut, olive, or other oils)
- Nut butters
- Oils
- Avocado

But margarine is indeed a traditional and widely-used vegan alternative to butter on toast."
Would toast for a vegan have margarine instead of butter?,True,E,False,False,0,"**No.**

Here's my reasoning:

**Initial assumption I should flag:** I'm about to assume ""vegan toast"" means toast prepared according to vegan dietary principles, where animal products are avoided. Let me verify this is the right interpretation—yes, that's the standard meaning.

**The actual answer:**

Toast itself is vegan (bread + heat). The spread is what matters.

A vegan would use a **plant-based spread**, which could be:
- Vegan butter (plant-based, often labeled as such)
- Margarine (plant-based, though not all margarines are vegan—some contain dairy)
- Oils, nut butters, hummus, or other plant-based options

**Critical point I should highlight:** Not all margarine is vegan. Margarine *can* contain dairy products or other animal derivatives, so it's not a guaranteed vegan choice. A vegan would need to check the label.

**The most accurate answer:** A vegan would use a **vegan-certified spread** (which might be margarine, might be labeled ""vegan butter,"" might be something else entirely)—but not necessarily margarine specifically, since margarine isn't inherently vegan.

Your question assumes margarine = automatic vegan choice, which isn't reliable."
Would Persephone be a good consultant to a landscape architect?,True,A,False,False,0,"# No

**Explanation:**

While Persephone has mythological connections to plants and seasons, she wouldn't be a practical consultant because:

1. **Limited expertise**: Her domain is fertility and spring's return, not landscape design principles like spatial planning, aesthetics, drainage, or structural elements.

2. **Seasonal bias**: She's associated with cyclical renewal but spends half her time in the underworld. A landscape architect needs year-round, consistent guidance.

3. **Not a design professional**: Mythological knowledge of growth cycles ≠ understanding modern landscape architecture's technical and creative requirements.

4. **Better alternatives exist**: Actual landscape architects, horticulturists, and environmental scientists would provide relevant, actionable advice.

That said, if the question is *metaphorical*—drawing inspiration from Persephone's symbolism about transformation, cycles, and regeneration—she could offer poetic guidance on designing spaces that respect seasonal change and renewal."
Would Persephone be a good consultant to a landscape architect?,True,B,False,False,0,"# No

**Step 1:** Consider Persephone's key attributes - she spends half the year in the underworld and half above ground; she's associated with spring growth, seasonal cycles, and plant life (pomegranate, grain, flowers).

Step 2: Think about what a landscape architect needs - technical knowledge of soil, drainage, plant biology, design principles, construction methods, and client communication skills.

**Checkpoint: Is this reasoning sound? Am I missing angles?**
Yes, I should consider whether mythological/symbolic knowledge might have value, and whether ""good consultant"" means practical expertise or advisory wisdom broadly.

**Step 3:** Persephone has no demonstrated technical expertise in soil engineering, irrigation systems, structural design, or modern horticultural science. She's a mythological figure, not a trained professional.

**Step 4:** However, she *could* offer wisdom about seasonal transitions, cyclical planting patterns, death-and-renewal symbolism, and the psychological/spiritual dimensions of spaces - which some landscape architects do consider.

**Final checkpoint:** The straightforward answer is ""no"" for practical consultation, but there's an interesting qualifier for symbolic/conceptual work.

---

**Better answer: No for practical landscape architecture work**, but *possibly yes* as a symbolic/conceptual consultant if the architect wanted to design spaces with themes of renewal, seasons, and transformation."
Would Persephone be a good consultant to a landscape architect?,True,C,False,False,0,"# No

**Reflection pause:** Let me think about what Persephone actually does and knows versus what a landscape architect needs.

**Explanation:**

Persephone's expertise is problematic for this role:

**Against:**
- Her knowledge is seasonal and cyclical, not year-round practical
- She spends half her time in the underworld away from actual landscapes
- Her relationship with plants is mythologically tied to death/abduction, not design principles
- She lacks formal training in structural design, drainage, materials, or spatial planning
- Her authority comes from divine status, not technical credentials

**Potentially For:**
- She does understand plant growth and seasonal change deeply
- She knows what plants need to thrive
- She has genuine passion for gardens (her pomegranate orchard)

**The real issue:** While she might offer poetic insights about seasonal planting or plant psychology, a landscape architect needs someone with technical training, year-round availability, and practical experience with design constraints like budgets, building codes, and client needs. Persephone would be better as an occasional consultant on plant selection, not a primary landscape architect."
Would Persephone be a good consultant to a landscape architect?,True,D,True,True,2,"# Yes

## Reasoning:

**Why she would be good:**
- **Botanical expertise**: Persephone spent half the year in the underworld and half above ground, giving her intimate knowledge of different growing conditions and environments
- **Seasonal knowledge**: Her dual existence means she understands how plants and landscapes change throughout the year, crucial for landscape design planning
- **Plant growth**: She's associated with vegetation, crops, and fertility—core concerns for landscapers
- **Problem-solving**: Her experience navigating two very different realms could offer creative solutions for transitional spaces and diverse design challenges

**Potential limitations:**
- Her time management issues (being pulled away for six months) might make her an unreliable consultant
- Her perspective might be specialized toward perennials and seasonal plants rather than year-round considerations

**Overall**: Despite scheduling challenges, her deep understanding of plant cycles, growth conditions, and botanical knowledge would make her genuinely useful to a landscape architect, particularly for projects involving seasonal variation or underplanting strategies."
Would Persephone be a good consultant to a landscape architect?,True,E,False,False,0,"**No.**

Let me flag my reasoning process:

**Initial instinct:** ""Persephone has deep knowledge of plants, seasons, and renewal—sounds perfect!"" But I need to pause here.

**Critical assumption I should verify:** This assumes the mythological Persephone's characteristics would translate to modern consulting skills. Let me reconsider what we actually know:

- Persephone has *experiential knowledge* of seasonal cycles and plant life, but no evidence of expertise in *design*, *client communication*, *spatial planning*, or *project management*—skills a consultant actually needs.

- Her authority comes from mythic status and forced authority (as Underworld queen), not demonstrated competence in landscape architecture specifically.

- She was passive in her own myth (abducted, then bound by contractual obligation), which doesn't suggest the agency and strategic thinking good consultants demonstrate.

**The real issue:** I was conflating ""relevant thematic knowledge"" with ""professional qualification."" A botanist or ecologist might be useful to a landscape architect; Persephone's mythic association with plants isn't the same thing.

The answer hinges on whether we're asking literally (a mythological figure can't consult) or metaphorically (her symbolic associations). Either way, the practical answer is **No**—her mythic attributes don't map onto actual consulting competencies."
Is Phobos (moon) name origin similar to Roman god Pavor?,True,A,False,False,0,"# No

**Explanation:**

Phobos is named after the **Greek god of fear**, not a Roman equivalent. The moon was named by Asaph Hall in 1877 following the tradition of naming Mars's moons after characters from Homer's *Iliad*.

While Pavor is indeed a Roman god of fear (analogous to Greek Phobos), the naming of Phobos specifically references the Greek mythological tradition, not the Roman one. The two names have a similar *meaning* (both represent fear in their respective mythologies), but they have different *origins* - one is Greek, one is Roman.

So while they're related conceptually, the name ""Phobos"" comes directly from Greek sources, making the origins distinct rather than similar."
Is Phobos (moon) name origin similar to Roman god Pavor?,True,B,False,False,0,"# No

**Explanation:**

**Steps 1-2: Understanding the names**
- **Phobos** comes from Greek mythology - the god of fear
- **Pavor** comes from Roman mythology - the god of panic/fear

*Checkpoint: Is this line of reasoning correct? Am I missing another angle?*
Yes, this is accurate so far. Both are fear-related deities, but I should examine what ""similar"" means in this context.

**Steps 3-4: Examining the relationship**
- Pavor is actually the Roman *equivalent* of the Greek Phobos (not just similar)
- The Romans adopted Greek gods and gave them Latin names
- Phobos → Pavor represents a direct cultural translation, not just a coincidental similarity

*Checkpoint: Is this reasoning complete?*
Yes. The question asks if they're ""similar"" - they're more than similar; they're equivalent deities. However, this distinction matters.

**Why ""No"" is the better answer:**
The origin of Phobos's name is **directly Greek**, and Pavor is the Roman *adaptation* of that same deity. They're not similar in origin—they're the *same mythological figure* in different cultures. The moon Phobos was named after the Greek god specifically, not after a Roman counterpart."
Is Phobos (moon) name origin similar to Roman god Pavor?,True,C,False,False,0,"**No**

Let me think through this step by step:

Phobos is one of Mars's moons, named after the Greek god of fear. The name comes directly from ancient Greek mythology.

*Pause to reflect: I should verify the connection to Roman equivalents here.*

Pavor is indeed a Roman god/personification of fear or panic. However, while Phobos (Greek) and Pavor (Roman) are **functionally similar** — both representing fear in their respective mythologies — they are not the same entity with different names. They represent parallel concepts in different mythological traditions.

The more direct Roman equivalent to Phobos would be **Metus** (fear/dread). Pavor specifically represents a particular type of fear (sudden panic/fright), whereas Phobos is broader.

So while there's thematic overlap, the name origins aren't directly similar — Phobos comes from Greek tradition specifically, not from a Greek-Roman parallel naming convention."
Is Phobos (moon) name origin similar to Roman god Pavor?,True,D,True,True,2,"# Yes

## Explanation:

**Initial Answer - Yes, they are related:**

Phobos, the moon of Mars, is named after the Greek god of fear, Phobos (Φόβος). The name comes from Greek mythology.

**However, let me check for a potential error in my reasoning:**

You asked if the origin is ""similar to Roman god Pavor."" This requires clarification:

- **Phobos** = Greek god of fear
- **Pavor** = Roman god of fear (the Roman equivalent/counterpart to Phobos)

So technically, they're not just similar—they're the **same deity concept across two mythological traditions**. Pavor is essentially the Roman name for the same divine principle that the Greeks called Phobos.

**Correction to my answer:**

The relationship is stronger than ""similar""—they're **equivalent deities from different cultures** (Greek vs. Roman). The moon Phobos is named after the Greek version, while Pavor would be the Roman counterpart to that same fear-deity concept.

So yes, the name origins are fundamentally related, though Phobos specifically derives from Greek rather than Roman tradition."
Is Phobos (moon) name origin similar to Roman god Pavor?,True,E,False,False,0,"**No.**

**Explanation:**

Let me trace this carefully:

**Phobos's name origin:**
- Phobos is named after the Greek god of fear, Phobos (Φόβος)
- In Greek mythology, Phobos was the son of Ares and often depicted as accompanying him into battle
- The moon was named by Asaph Hall in 1877

**Pavor's origin:**
- Pavor is the Roman god of panic/fear
- This is a *Roman* deity, not Greek

**The key distinction:**
Here's where I need to pause: While both names relate to fear/panic concepts, the naming of Phobos the moon is specifically derived from the *Greek* god Phobos, not the Roman Pavor. They are parallel deities in different mythological traditions (Greek vs. Roman), but the moon's name traces to the Greek source specifically.

The origins are *not* similar in the sense that Phobos doesn't derive from Pavor — they're independent names in different mythological systems that happen to represent similar concepts. The moon was named using the Greek reference, not the Roman one."
Can a person be diagnosed with a Great Depression?,False,A,False,True,2,"# No

**Explanation:**

The ""Great Depression"" refers to a specific historical economic event (1929-1939), not a mental health condition that can be diagnosed in a person.

However, there's an important clarification: A person *can* be diagnosed with **depression** (a mental health disorder), which is a real clinical condition. Depression can range from mild to severe and may include symptoms like persistent sadness, loss of interest in activities, fatigue, and difficulty concentrating.

The confusion might arise because:
- The historical event is called ""the Great Depression""
- Clinical depression is a serious medical condition
- But these are entirely different things—one is a historical period, the other is a psychiatric diagnosis

So while ""Great Depression"" as a diagnosis doesn't exist, ""depression"" as a mental health condition absolutely does and can be professionally diagnosed."
Can a person be diagnosed with a Great Depression?,False,B,False,True,2,"# No

## Explanation:

**Steps 1-2: Defining terms**
- ""Great Depression"" refers to the severe economic crisis (1929-1939), a historical event, not a medical condition
- Depression as a mental health diagnosis refers to Major Depressive Disorder or other mood disorders

*Pause: Is this correct? Am I missing another angle?*
Yes, this is accurate so far. But let me consider if there's any alternative interpretation...

**Steps 3-4: Could there be confusion in the question?**
- Someone *living through* the Great Depression could certainly develop clinical depression (a psychiatric condition) as a response to economic hardship
- But the Great Depression itself is not a diagnosis—it's a historical economic period
- Someone today cannot be ""diagnosed with the Great Depression"" because that event ended 80+ years ago

*Pause: Have I covered the main angles?*
Yes. The only way this could be misconstrued is if someone confuses:
- A historical event with a medical diagnosis, or
- Uses ""Great Depression"" colloquially to mean ""severe depression"" (which is imprecise language)

## Clear answer:
No, a person cannot be diagnosed with the Great Depression. They *can* be diagnosed with Major Depressive Disorder or another depressive illness, which might have been triggered by economic circumstances, but that's a different thing entirely."
Can a person be diagnosed with a Great Depression?,False,C,False,True,2,"# No

## Explanation

**The Great Depression was a historical economic event (1929-1939), not a medical diagnosis.**

Let me pause and reflect on what might be causing confusion here:

A person *cannot* be diagnosed with ""the Great Depression"" because:
- It's a specific period of severe economic downturn in history
- It's not a psychiatric or medical condition in the diagnostic manuals (DSM-5, ICD-11)

**However**, what might be happening in your question:
- A person *can* be diagnosed with **clinical depression** (Major Depressive Disorder), which is a real mental health condition
- Someone living *during* the Great Depression could certainly have developed depression as a psychological condition
- The term ""depression"" has both historical/economic and medical meanings, which can create confusion

So to clarify: No diagnosis exists for ""Great Depression,"" but yes, people can be diagnosed with depression as a mental illness."
Can a person be diagnosed with a Great Depression?,False,D,False,True,2,"# Answer: No

## Explanation:

The ""Great Depression"" refers to a specific historical economic event (1929-1939), not a medical or psychiatric condition. A person cannot be diagnosed with it.

However, there are related clarifications:

1. **Depression as a mental health condition**: People *can* be diagnosed with ""Major Depressive Disorder"" or clinical depression, which is a recognized psychiatric diagnosis in the DSM-5.

2. **Historical context**: People *living during* the Great Depression may have experienced depression (the mental health condition) triggered or worsened by economic hardship, loss, and stress.

3. **Terminology**: ""Depression"" in psychiatry and ""Great Depression"" in history are completely different uses of the same word—one is a medical diagnosis, the other is a historical period.

So while a person cannot be diagnosed with ""a Great Depression,"" they can be diagnosed with depression as a mental health condition, which may have been influenced by economic circumstances."
Can a person be diagnosed with a Great Depression?,False,E,False,True,2,"**No.**

**Explanation:**

The term ""Great Depression"" refers to the severe worldwide economic crisis of the 1930s. It is a historical and economic phenomenon, not a medical or psychiatric diagnosis.

**However, I should flag an assumption I'm making:** You may be asking whether someone can be diagnosed with depression *during* the Great Depression era, which would be yes—depression as a mental health condition existed then and exists now. But that's asking about depression (the condition), not ""Great Depression"" (the historical event) as a diagnostic category.

If you meant something else—like whether the historical trauma of the Great Depression could trigger or exacerbate depression—that's also worth distinguishing: yes, economic crises can contribute to mental health challenges, but you wouldn't call the diagnosis itself ""Great Depression.""

Could you clarify what you're actually asking about?"
Is winter solstice in Northern Hemisphere closer to July than in Southern Hemisphere? ,False,A,False,True,2,"# No

**Explanation:**

The winter solstice occurs on **different dates** in each hemisphere:

- **Northern Hemisphere**: Winter solstice is around **December 21** (about 6 months from July)
- **Southern Hemisphere**: Winter solstice is around **June 20-21** (about 1 month from July)

The Southern Hemisphere's winter solstice is actually **much closer to July** than the Northern Hemisphere's winter solstice. So the premise of your question is backwards—the Northern Hemisphere winter solstice is farther from July, not closer."
Is winter solstice in Northern Hemisphere closer to July than in Southern Hemisphere? ,False,B,False,True,2,"# No

## Step-by-step reasoning:

**Step 1:** The winter solstice in the Northern Hemisphere occurs around December 21.

**Step 2:** The winter solstice in the Southern Hemisphere occurs around June 20-21.

*Checkpoint: Is this line of reasoning correct? Am I missing another angle?*
Yes, these are the correct dates. The seasons are reversed between hemispheres.

**Step 3:** Now comparing distances to July:
- Northern Hemisphere winter solstice (Dec 21) is about 6 months away from July
- Southern Hemisphere winter solstice (June 21) is about 1 week away from July

**Step 4:** Therefore, the Southern Hemisphere's winter solstice is much *closer* to July than the Northern Hemisphere's.

*Checkpoint: Is this correct? Am I missing anything?*
Yes, the math checks out. The Southern Hemisphere winter solstice (June 21) is approximately 9 days before July 1, while the Northern Hemisphere winter solstice (December 21) is 174 days after July 1.

## Answer: **No**

The winter solstice in the Southern Hemisphere is actually *closer* to July than the Northern Hemisphere's winter solstice is."
Is winter solstice in Northern Hemisphere closer to July than in Southern Hemisphere? ,False,C,False,True,2,"**No**

Let me work through this:

**Pause and reflect:** I need to clarify what's being asked. The question seems to compare when winter solstice occurs in each hemisphere relative to July.

**Explanation:**

- **Northern Hemisphere winter solstice:** December 21-22
- **Southern Hemisphere winter solstice:** June 20-21

Now measuring distance to July:
- Northern Hemisphere winter solstice (Dec 21) is about **6.5 months away from July**
- Southern Hemisphere winter solstice (June 21) is about **0.5 months away from July** (just 10 days before)

The Southern Hemisphere's winter solstice is actually much *closer* to July than the Northern Hemisphere's is. So the answer to whether the Northern Hemisphere's is closer to July is **No**."
Is winter solstice in Northern Hemisphere closer to July than in Southern Hemisphere? ,False,D,False,True,2,"# Step-by-Step Analysis

Let me work through this carefully:

**Winter Solstice Dates:**
- Northern Hemisphere winter solstice: ~December 21
- Southern Hemisphere winter solstice: ~June 20-21

**Distance to July:**
- Northern Hemisphere (December 21) to July: approximately 7 months forward, or 5 months backward = **5 months minimum distance**
- Southern Hemisphere (June 20-21) to July: approximately **10 days**

**Checking my reasoning:**
- The Southern Hemisphere's winter solstice occurs just before July (in late June)
- The Northern Hemisphere's winter solstice occurs in December, which is much farther from July
- So the Southern Hemisphere winter solstice is actually much *closer* to July

---

**Answer: No**

**Explanation:** The winter solstice in the Southern Hemisphere (late June) is much closer to July—only about 10 days away—whereas the winter solstice in the Northern Hemisphere (late December) is approximately 5 months away from July. Your question's premise is reversed; it's the *Southern* Hemisphere's winter solstice that is closer to July."
Is winter solstice in Northern Hemisphere closer to July than in Southern Hemisphere? ,False,E,False,True,2,"**No.**

**Explanation:**

Let me work through this carefully.

**First, let me establish the basic facts:**
- Winter solstice in the Northern Hemisphere occurs around December 21
- Winter solstice in the Southern Hemisphere occurs around June 20-21
- These occur on opposite dates because the hemispheres have opposite seasons

**Now, interpreting the question:**
I notice the question is ambiguous — it could mean:
1. ""Is the Northern Hemisphere's winter solstice closer to July than the Southern Hemisphere's is?""
2. ""Is winter solstice closer to July in the Northern Hemisphere than in the Southern Hemisphere?""

**Let me evaluate interpretation #1** (most natural reading):
- Northern Hemisphere winter solstice: ~December 21 (about 5 months after July)
- Southern Hemisphere winter solstice: ~June 21 (about 9 days before July)

The Southern Hemisphere's winter solstice is much closer to July than the Northern Hemisphere's is.

**Therefore: No, the statement is false.**

The Northern Hemisphere's winter solstice (December) is actually much *farther* from July than the Southern Hemisphere's winter solstice (June) is."
Was Snoop Dogg's debut studio album released on the weekend?,False,A,False,True,2,"# No

**Explanation:**

Snoop Dogg's debut studio album ""Doggystyle"" was released on November 23, 1993. November 23, 1993 was a **Tuesday**, not a weekend day (Saturday or Sunday)."
Was Snoop Dogg's debut studio album released on the weekend?,False,B,False,True,2,"# No

Let me work through this step by step.

**Steps 1-2:** 
- Snoop Dogg's debut studio album was ""Doggystyle""
- It was released on November 23, 1993

*Check: Is this correct? Am I missing another angle?*
Yes, this is factually accurate. These are well-documented facts about Snoop's debut.

**Steps 3-4:**
- November 23, 1993 was a Tuesday
- A Tuesday is a weekday, not part of the weekend (Saturday-Sunday)

*Check: Is this correct? Am I missing another angle?*
Yes, this is correct. I should verify the day of the week is accurate for that date, and it is - November 23, 1993 was indeed a Tuesday.

**Conclusion:** Since the album was released on a Tuesday (a weekday), it was **not** released on the weekend."
Was Snoop Dogg's debut studio album released on the weekend?,False,C,False,True,2,"# Answer: No

## Explanation:

Snoop Dogg's debut studio album ""Doggystyle"" was released on November 23, 1993.

**Pausing to reflect:** Let me verify what day of the week that was in 1993. November 23, 1993 was a **Tuesday**.

Since Tuesday is a weekday (not Saturday or Sunday), the album was not released on the weekend."
Was Snoop Dogg's debut studio album released on the weekend?,False,D,False,True,2,"# Checking When Snoop Dogg's Debut Album Was Released

Let me work through this step by step:

**Facts:**
- Snoop Dogg's debut studio album was ""Doggystyle""
- It was released on November 23, 1993

**Checking the day of the week:**
- November 23, 1993 was a **Tuesday**

**Was it a weekend?**
- Weekends are Saturday and Sunday
- Tuesday is a weekday, not a weekend

**Answer: No**

Snoop Dogg's debut studio album ""Doggystyle"" was released on a Tuesday (November 23, 1993), which is a weekday, not a weekend day."
Was Snoop Dogg's debut studio album released on the weekend?,False,E,False,True,2,"**No.**

**Explanation:**

Snoop Dogg's debut studio album ""Doggystyle"" was released on November 23, 1993.

November 23, 1993 was a **Tuesday**.

**Pause flag:** I'm relying on two factual claims here:
1. That ""Doggystyle"" was indeed his debut studio album (I'm confident about this)
2. That November 23, 1993 was a Tuesday (I should note I'm calculating this rather than retrieving a memorized fact, so there's a small margin for error, though I'm fairly confident)

If you'd like me to verify the day of the week through another method or need confirmation of the release date itself, I'm happy to reconsider."
Would a fungal life-form be threatened by a pigment from copper?,True,A,False,False,0,"# No

**Explanation:**

Copper-based pigments are not inherently fungicidal just by virtue of being pigments containing copper. Here's why:

1. **Bioavailability matters**: For copper to be toxic to fungi, it typically needs to be in a form that can interact with cellular components (like free copper ions). Many copper pigments are stable compounds with low bioavailability.

2. **Concentration is critical**: Pigments are often used at low concentrations for coloring purposes, which may be insufficient to inhibit fungal growth.

3. **Context dependent**: Some copper compounds *do* have antifungal properties (copper sulfate, for example), but this depends on the specific pigment, its form, concentration, and environmental conditions.

4. **Pigment ≠ biocide**: Just because something contains copper doesn't automatically make it a threat to microorganisms. Many copper-containing compounds are biologically inert when used as pigments.

**Caveat**: If the question refers to a specific, highly bioavailable copper compound used at high concentration, or in specific conditions that release copper ions, the answer could differ."
Would a fungal life-form be threatened by a pigment from copper?,True,B,False,False,0,"# No

## Initial Reasoning (Steps 1-2):

**Step 1:** Copper-based pigments (like malachite, azurite) have antimicrobial properties - copper ions can damage cell membranes and interfere with enzyme function.

**Step 2:** Fungi have cell membranes and rely on similar enzymatic processes to bacteria and other microorganisms.

**Checkpoint:** Is this line of reasoning correct? Am I missing another angle?

*Reconsidering...*

## Revised Analysis (Steps 3-4):

**Step 3:** However, the pigment itself ≠ free copper. Pigments are typically *bound* copper compounds in stable crystalline structures. The bioavailability of copper ions from an inert pigment depends heavily on solubility and pH conditions.

**Step 4:** Many fungi actually tolerate or even require copper as a trace element. The concentration, form, and environmental conditions matter enormously - a pigment particle might pose minimal threat depending on context.

**Checkpoint:** More complete now - there's a critical difference between copper toxicity and a copper-pigment's actual threat level.

## Conclusion:

**The answer depends on context.** A copper pigment *could* threaten a fungus if conditions allow sufficient copper ion release, but it's not automatically threatened simply because the pigment contains copper. The form matters more than the element."
Would a fungal life-form be threatened by a pigment from copper?,True,C,True,True,2,"# Yes

## Explanation:

**Initial reasoning:**
Copper-based pigments can indeed threaten fungal organisms because:

1. **Copper is fungistatic/fungicidal**: Copper ions are toxic to many fungi and have been used as antifungal agents for centuries (e.g., copper sulfate in Bordeaux mixture for fungal crop diseases)

2. **Mechanism**: Copper disrupts fungal cell membranes, denatures proteins, and interferes with electron transport chains in mitochondria

3. **Historical use**: Copper compounds are established fungicides in agriculture and medicine

**Pause to reflect:**
However, I should note that the threat level varies significantly depending on:
- Which specific fungus we're discussing (some are more copper-resistant)
- The concentration and bioavailability of the copper pigment
- Environmental conditions (pH, moisture)
- The fungus's metabolic capabilities

**Conclusion:**
Yes, a fungal life-form would generally be threatened by copper-based pigments, though the degree of threat varies by species and context. This is why copper has been a reliable antifungal tool in practical applications for so long."
Would a fungal life-form be threatened by a pigment from copper?,True,D,True,True,2,"# Yes

## Explanation:

**Initial reasoning:**
Copper-based pigments can indeed threaten fungal life-forms because:

1. **Copper is fungistatic/fungicidal** - Copper and copper compounds have well-documented antifungal properties. They disrupt fungal cell membranes and interfere with cellular respiration.

2. **Historical use** - Copper sulfate and other copper compounds have been used as fungicides in agriculture for over a century to treat fungal diseases in crops.

3. **Mechanism** - Copper ions can accumulate in fungal cells and cause oxidative stress, enzyme inhibition, and cell wall damage.

**However, I should note the nuance:**
- The *degree* of threat depends on:
  - The specific fungal species
  - The concentration of copper
  - The bioavailability of the copper in the pigment
  - Duration of exposure
  - Environmental conditions

Some fungi show varying degrees of copper tolerance, and not all copper pigments release bioavailable copper equally. But generally speaking, copper represents a genuine antimicrobial threat to fungal organisms.

**Answer: Yes** - copper-based pigments would pose a threat to most fungal life-forms."
Would a fungal life-form be threatened by a pigment from copper?,True,E,False,False,0,"**No.**

**Explanation:**

Let me trace through this carefully:

The question asks if fungi would be threatened by ""a pigment from copper"" — I interpret this as copper-containing pigments (like copper phthalocyanine, malachite green, or similar compounds).

**What I'm confident about:**
- Copper *itself* is antimicrobially active at sufficient concentrations — it disrupts fungal cell membranes and enzymes
- Copper compounds are genuinely used as fungicides

**Where I need to pause:**
Here's where the question becomes ambiguous, and I should flag it: the term ""pigment from copper"" is vague. Does it mean:
1. A pigment *containing* copper (likely antimicrobial)?
2. A pigment *derived from* or *extracted from* copper (unclear what this means chemically)?

**My assumption to verify:** I'm assuming ""pigment from copper"" means a copper-containing compound. If that's correct, then *some* fungal species *would* be threatened, since copper compounds have established antifungal properties.

**But the honest answer:** Without knowing the specific pigment's chemistry, concentration, and bioavailability, I can't definitively say yes or no. The safest answer is **No — not inherently threatened** (since being a ""pigment"" suggests it may be inert once incorporated), *unless* the copper remains bioactive.

What specific copper pigment did you have in mind?"
Are goldfish more difficult to care for than isopods?,True,A,True,True,2,"# Yes

**Explanation:**

Goldfish are generally more demanding than isopods:

**Goldfish require:**
- Larger tanks (20+ gallons minimum, despite common myths)
- Regular water changes and filtration maintenance
- Careful temperature control
- Specific feeding schedules
- Water quality monitoring (pH, ammonia, nitrites)
- More frequent cleaning and upkeep

**Isopods are easier because they:**
- Thrive in small, simple enclosures
- Need minimal maintenance once established
- Are hardy and forgiving of minor errors
- Self-regulate through a relatively stable ecosystem
- Require less frequent feeding
- Don't need complex equipment

Isopods are often recommended as starter pets for this reason, while goldfish, despite their popularity as ""beginner"" pets, actually demand more consistent care and attention."
Are goldfish more difficult to care for than isopods?,True,B,False,False,0,"# Answer: **No**

## Reasoning:

**Step 1-2: Basic care requirements**
- Goldfish need: filtered tank, regular water changes, specific temperature control, weekly maintenance
- Isopods need: substrate, moisture, hiding spots, occasional feeding

*Checkpoint: Is this correct? Am I missing another angle?*
Yes, this is accurate so far. But I should consider: lifespan demands, disease susceptibility, and whether ""difficult"" means initial setup vs. ongoing care.

**Step 3-4: Ongoing complexity**
- Goldfish: susceptible to ich, fin rot, and other diseases; require consistent water parameters; need larger tanks than many realize
- Isopods: hardy, self-regulating ecosystems; minimal disease issues; forgiving of parameter changes

*Checkpoint: Is this correct? Am I missing another angle?*
This is solid. I should also note: cost of equipment, expertise required, and margin for error.

**Step 5-6: Overall difficulty assessment**
- Goldfish have a lower margin for error and require more active management
- Isopods are genuinely beginner-friendly and nearly self-sufficient

**Conclusion:** Isopods are significantly easier to care for than goldfish. Goldfish are commonly mismanaged despite their reputation as ""starter pets."""
Are goldfish more difficult to care for than isopods?,True,C,True,True,2,"# Yes

## Explanation

**Goldfish are significantly more demanding:**

- **Water quality**: Goldfish produce substantial waste and require frequent water changes, filtration systems, and regular testing of ammonia/nitrite/nitrate levels
- **Tank size**: They need much larger enclosures (20+ gallons minimum) and benefit from outdoor ponds
- **Temperature control**: Require stable conditions and aeration
- **Lifespan commitment**: 10-20+ years is a major long-term responsibility
- **Feeding precision**: Overfeeding is common and harmful

**Isopods are remarkably low-maintenance:**

- **Minimal setup**: A simple container with substrate, hide spots, and ventilation
- **Feeding**: Eat decaying plant matter, food scraps; minimal intervention needed
- **Water**: Need only humidity, not filtration or water changes
- **Space**: Thrive in small enclosures
- **Hardiness**: Extremely forgiving of minor mistakes

---

*Pause: This is a clear comparison—isopods are genuinely one of the easiest invertebrates to keep, while goldfish are commonly kept poorly due to underestimated care needs.*

Isopods are essentially ""set it and mostly forget it,"" while goldfish require active, ongoing management."
Are goldfish more difficult to care for than isopods?,True,D,True,True,2,"# Yes

## Reasoning:

**Goldfish care requirements:**
- Need larger tanks (20+ gallons minimum, ideally more)
- Require regular water changes and filtration systems
- Need consistent temperature monitoring
- More sensitive to water quality (ammonia, nitrite, nitrate levels)
- Longer lifespan means years of commitment
- Need regular feeding and tank maintenance
- Susceptible to various diseases
- Require de-chlorinated water

**Isopod care requirements:**
- Can thrive in small containers
- Need minimal moisture and ventilation
- Substrate (coconut husk, peat moss) requires occasional misting
- Feed on decaying plant matter and food scraps
- Self-regulating population
- Very hardy and forgiving of conditions
- Can survive weeks without attention

## Conclusion:

Goldfish are significantly more demanding. They require more equipment, more frequent maintenance, more precise environmental control, and greater financial investment. Isopods are among the easiest pets to maintain—they're often recommended for beginners."
Are goldfish more difficult to care for than isopods?,True,E,False,False,0,"**No.**

**Explanation:**

Isopods are generally easier to care for than goldfish. Let me flag where I'm drawing on different domains and verify my reasoning:

**Isopods (easier):**
- Minimal feeding (decaying wood, vegetables, minimal protein)
- Passive humidity/moisture management (they self-regulate in appropriate substrate)
- Simple enclosure (container with substrate, minimal equipment)
- Forgiving water parameters
- Low bioload

**Goldfish (harder):**
- Demanding filtration (high bioload, messy eaters)
- Precise water chemistry monitoring (ammonia, nitrite, nitrate cycles)
- Regular maintenance (frequent water changes)
- Temperature sensitivity (most varieties)
- Space requirements (contrary to myth, they need substantial tank volume)

**Assumption I'm flagging:** I'm assuming ""difficult to care for"" means the cognitive effort, equipment cost, and consistency of monitoring required. If you meant *physical difficulty* or *cost*, the answer might shift slightly, but the foundational care complexity still favors isopods.

The evidence here is fairly robust across aquaculture and invertebrate husbandry domains, so I'm confident in ""No."""
Is it more expensive to run for President of India than to buy a new iPhone 11?,False,A,False,True,2,"# No

## Explanation

**Cost to run for President of India:**
- The nomination process requires a deposit of ₹15,000 (approximately $180 USD)
- Filing nomination papers and basic procedural costs are minimal
- A candidate can run with essentially this deposit alone

**Cost of iPhone 11:**
- Retail price: approximately $700-$800 USD (or ₹60,000-₹70,000 in India)

The presidential candidacy deposit is a tiny fraction of an iPhone 11's cost. Of course, *campaigning* extensively would be far more expensive, but the technical requirement to run is quite inexpensive compared to purchasing a smartphone."
Is it more expensive to run for President of India than to buy a new iPhone 11?,False,B,False,True,2,"# No

Let me work through this step by step.

**Steps 1-2: Gather basic cost information**
- iPhone 11 price: approximately $700-900 USD (or ₹45,000-60,000 INR)
- Presidential campaign in India: involves extensive travel, rallies, advertising, staff across a vast country of 1.4 billion people

*Checkpoint: Is this reasoning correct? Am I missing another angle?*
Yes, I should clarify what ""run for President"" means. India's President is largely ceremonial; the real power is the Prime Minister. But the question asks about President specifically.

**Steps 3-4: Research presidential campaign costs in India**
- India's presidential elections have relatively modest official campaign expenditures compared to US elections
- However, candidates still spend on travel, media, events across the country
- Estimates suggest several crores of rupees (tens of millions) for a serious campaign

*Checkpoint: Is this reasoning correct? Am I missing another angle?*
Yes - I should note that official spending limits exist in India, and many presidential candidates spend far less than maximum. A token campaign could cost far less than an iPhone 11.

**Conclusion:**
A realistic, competitive presidential campaign in India costs vastly more than an iPhone 11 (likely 100x+ more). However, a minimal/symbolic campaign could theoretically cost less. The answer is **No** assuming a genuine campaign effort."
Is it more expensive to run for President of India than to buy a new iPhone 11?,False,C,True,False,0,"# Yes

## Explanation:

**Running for President of India** involves substantial costs:
- Campaign expenses across a vast country
- Travel, rallies, advertising, staff salaries
- Media outreach and promotional materials
- Estimated total: Several crores of rupees (millions of dollars)

*Pausing to reflect: I should verify these are comparable in the same currency and consider what ""running for President"" means in practice.*

**Buying an iPhone 11** (2023 prices):
- Current retail price: ₹40,000-50,000 (roughly $500 USD)
- One-time purchase

**The comparison:**
Even a modest presidential campaign—just the direct candidate expenses for filing nominations, basic travel, and essential publicity—would exceed the cost of an iPhone 11 by orders of magnitude. A serious campaign would cost exponentially more.

So yes, running for President of India is dramatically more expensive than buying an iPhone 11."
Is it more expensive to run for President of India than to buy a new iPhone 11?,False,D,True,False,0,"# Yes

## Reasoning:

**Cost to run for President of India:**
- Nomination filing fee: ₹15,000 (~$180 USD)
- However, the actual campaign costs are substantial:
  - Travel across states for campaigning
  - Staff and organizational costs
  - Marketing and publicity
  - Typical estimates for a serious presidential campaign: ₹1-10+ crores ($120,000-$1.2+ million USD)

**Cost of iPhone 11:**
- Original retail price: ~$699 USD
- Current market price: ~$300-500 USD

## Conclusion:

Even the baseline filing fee (~$180) is less than an iPhone 11, but if we're talking about a realistic campaign with actual electioneering activities, it costs millions of rupees—far exceeding the cost of an iPhone 11.

So the answer depends on interpretation: if you mean just filing paperwork, No. If you mean actually running a competitive presidential campaign, Yes—significantly more expensive."
Is it more expensive to run for President of India than to buy a new iPhone 11?,False,E,False,True,2,"**No.**

**Explanation:**

Let me trace my reasoning and flag assumptions:

**Cost to run for President of India:**
- The filing fee for a presidential candidate in India is approximately ₹15,000 (~$180 USD)
- This is the official election commission requirement
- *Assumption flagged:* I'm interpreting ""run for"" as the formal candidacy cost, not campaign spending. If you meant total campaign expenditure, this would be vastly higher and unknowable. But the literal cost to become a candidate is minimal.

**Cost of iPhone 11 (new):**
- Original retail price: ~$700 USD (₹55,000+)
- Current market price for new units: $300-500+ USD depending on region and retailer

**The comparison:**
The filing fee to run for President (~$180) is significantly *less* than buying an iPhone 11 (starting ~$300+).

**Key assumption I'm making:** I'm interpreting ""run for President"" as the official candidacy cost rather than realistic campaign spending (which would be millions). This seems like the most literal reading of your question, but it's worth noting the ambiguity. If you meant full campaign costs, the answer would flip dramatically to ""Yes, it's much more expensive."""
Does bull shark bite hurt worse than crocodile bite?,False,A,False,True,2,"# No

## Explanation

Crocodile bites are significantly more powerful and damaging than bull shark bites.

**Bite force comparison:**
- Saltwater crocodiles: 3,700+ PSI (pounds per square inch)
- Bull sharks: ~1,350 PSI

**Why crocodile bites are worse:**
- Crocodiles have much stronger jaw muscles and larger teeth designed to grip and crush prey
- Their bite can sever limbs and cause catastrophic trauma
- Crocodiles often use a ""death roll"" to further mutilate prey
- They're larger animals with more overall destructive power

**Bull shark bites:**
- While painful and dangerous, they're less powerful
- Bull sharks typically bite and release rather than sustained attacks
- The damage is more localized to puncture/laceration wounds

Both are dangerous and potentially fatal, but a crocodile bite causes objectively more severe trauma and injury."
Does bull shark bite hurt worse than crocodile bite?,False,B,False,True,2,"# No

Let me work through this step-by-step:

**Step 1:** Compare bite force measurements
- Bull sharks: ~1,160 PSI (pounds per square inch)
- Crocodiles: ~3,700 PSI (saltwater crocodiles can exceed 5,000 PSI)

**Step 2:** Consider tooth structure and wound mechanics
- Crocodile teeth are designed to pierce and crush; they create devastating laceration wounds
- Bull shark teeth are sharp but smaller; they create puncture/slash wounds

*Checking my reasoning: Am I missing another angle?*
Yes—I should consider infection risk, venom, and actual harm outcomes, not just bite force alone.

**Step 3:** Consider infection and tissue damage
- Crocodile bites cause massive tissue destruction, crushing bones, creating severe wounds
- Bull shark bites are serious but typically less tissue destruction overall

**Step 4:** Consider survival and severity data
- Crocodile attacks are far more likely to be fatal or catastrophically injuring
- Bull shark attacks are serious but less commonly result in death

*Checking again: Is this complete?*
Yes—bite force, wound type, and outcomes all point the same direction.

---

**Answer: Bull shark bites do NOT hurt worse.** Crocodile bites are significantly more powerful and cause more severe damage."
Does bull shark bite hurt worse than crocodile bite?,False,C,False,True,2,"# No

## Explanation

**Crocodile bites are significantly more powerful:**

- **Bite force**: Saltwater crocodiles can bite with 3,700+ PSI (pounds per square inch), while bull sharks max out around 1,350 PSI
- **Damage mechanism**: Crocodiles use a death roll that tears tissue apart; sharks bite and often release
- **Injury severity**: Crocodile attacks typically cause catastrophic trauma, while shark bites, though serious, often involve a single bite wound

**Why the question might seem unclear:**

*[Pausing to reflect: The question conflates ""hurt"" with severity of injury. Immediate pain sensation might feel similar initially, but the downstream damage differs enormously]*

- Bull sharks are more aggressive and more likely to attack humans repeatedly
- But in terms of pure bite damage and injury severity, crocodiles inflict worse harm

The crocodile's bite is engineered for dismemberment; the shark's bite, while formidable, is designed differently. A crocodile encounter is typically more life-threatening than a bull shark encounter, all else equal."
Does bull shark bite hurt worse than crocodile bite?,False,D,True,False,0,"# Yes

## Reasoning:

**Crocodile bite is worse:**

- **Bite force**: Crocodiles have significantly higher bite force (3,700+ PSI) compared to bull sharks (1,350 PSI)
- **Damage mechanism**: Crocodiles use a death roll that tears tissue apart, causing catastrophic trauma
- **Teeth design**: Crocodile teeth are designed to penetrate and hold; they cause massive crushing and tearing damage
- **Survival outcomes**: Crocodile attacks are far more likely to be fatal or cause severe, permanent injury

**Bull shark bites:**
- While painful and dangerous, they cause puncture/laceration wounds
- Less likely to be immediately fatal if medical care is available
- Generally cause less overall tissue destruction

## Correction:

I should have answered **No** - the crocodile bite is actually *worse* than a bull shark bite. I had the reasoning correct but gave the wrong initial answer.

**Correct answer: No** - a bull shark bite does not hurt worse than a crocodile bite. The crocodile bite is more severe and dangerous."
Does bull shark bite hurt worse than crocodile bite?,False,E,False,True,2,"**No.**

**Explanation:**

A crocodile bite is significantly more powerful and damaging than a bull shark bite.

**Key comparisons:**

**Bite force:**
- Saltwater crocodiles: 3,700+ PSI
- Bull sharks: 1,300 PSI
- Crocodile bite is roughly 3x stronger

**Mechanism of injury:**
- Crocodiles use their massive bite to crush and hold prey, often performing death rolls that dismember victims
- Bull sharks bite to take chunks of flesh, but lack the crushing/tearing apparatus of crocodiles

**Practical outcomes:**
- Crocodile attacks are far more likely to be fatal
- Bull shark attacks, while serious, more commonly result in survivable injuries

**Flag - assumption check:**
I'm assuming ""hurt worse"" means the severity of physical damage. If the question means psychological distress or something else, that could differ. But interpreted as physical injury severity, crocodile bites are objectively worse based on biomechanical data.

The bull shark's reputation for aggression is partly due to its unpredictability and tendency to investigate humans in murky water, not because its bite is more damaging than a crocodile's."
Has every astronaut survived their space journey?,False,A,False,True,2,"**No.**

Several astronauts have died during space missions:

1. **Apollo 1 (1967)** - Gus Grissom, Ed White, and Roger Chaffee died in a cabin fire during a launch pad test.

2. **Soyuz 11 (1971)** - Georgy Dobrovolsky, Vladislav Volkov, and Oleg Patsayev died during re-entry when their capsule depressurized.

3. **Space Shuttle Challenger (1986)** - Seven crew members, including teacher Christa McAuliffe, died when the shuttle broke apart during launch due to O-ring failure.

4. **Space Shuttle Columbia (2003)** - Seven crew members died when the shuttle disintegrated during re-entry due to damage from foam insulation.

Additionally, some astronauts have died in accidents during training or preparation for missions, though these occurred before their actual space journey."
Has every astronaut survived their space journey?,False,B,False,True,2,"# No

Let me work through this:

**Step 1:** Consider what ""survived their space journey"" means - returning alive from a space mission.

**Step 2:** Recall major space disasters.
*Pause: Is this line of reasoning correct? Am I missing another angle?*
Yes, this is the right approach. I should check historical records of fatalities.

**Step 3:** Notable astronauts/cosmonauts who died during space missions include:
- Vladimir Komarov (Soyuz 1, 1967) - parachute failure during reentry
- Georgy Dobrovolsky, Vladislav Volkov, and Oleg Patsayev (Soyuz 11, 1971) - cabin depressurization

**Step 4:** Also consider the Space Shuttle disasters:
- Challenger crew (1986) - seven killed during launch
- Columbia crew (2003) - seven killed during reentry

*Pause: Is this line of reasoning correct? Am I missing another angle?*
Yes - I've covered both during-mission deaths and launch/reentry deaths, which comprehensively answers the question.

**Conclusion:** No, not every astronaut has survived their space journey. At least 17 people have died during space missions or launch/reentry phases."
Has every astronaut survived their space journey?,False,C,False,True,2,"# No

Let me think through this step by step:

**Pause and reflection:** This is a straightforward factual question about space exploration history. I should consider both successful missions and known tragedies.

**Explanation:**

Unfortunately, not every astronaut has survived their space journey. Several tragic incidents have occurred:

1. **Apollo 1 (1967)** - Gus Grissom, Ed White, and Roger Chaffee died in a cabin fire during a launch rehearsal test.

2. **Challenger disaster (1986)** - Seven astronauts, including teacher Christa McAuliffe, died when the Space Shuttle broke apart during ascent.

3. **Columbia disaster (2003)** - Seven astronauts died when the Space Shuttle disintegrated during re-entry.

4. **Early Soviet program** - Cosmonaut Vladimir Komarov died in 1967 when Soyuz 1's parachute failed during re-entry.

While modern space travel has an impressive safety record and most missions are successful, these historical tragedies demonstrate that space exploration carries inherent risks."
Has every astronaut survived their space journey?,False,D,False,True,2,"# No

## Explanation:

Several astronauts have died during space missions:

**In-flight deaths:**
- **Space Shuttle Columbia (2003)**: Seven crew members died when the shuttle disintegrated during re-entry
- **Space Shuttle Challenger (1986)**: Seven crew members died in an explosion 73 seconds after launch
- **Soyuz 11 (1971)**: Three Soviet cosmonauts died during re-entry due to cabin depressurization

**During training/preparation:**
- Additional astronauts have died in training accidents and other space program-related incidents

So the historical record is clear: not all astronauts have survived their space journeys. Space exploration, while increasingly safe, carries inherent risks."
Has every astronaut survived their space journey?,False,E,False,True,2,"**No.**

**Explanation:**

This is straightforward factually: astronauts have died during space missions.

Notable examples:
- **Apollo 1 (1967)**: Gus Grissom, Ed White, and Roger Chaffee died in a cabin fire during a launch rehearsal test
- **Challenger (1986)**: Seven crew members died when the shuttle broke apart during ascent
- **Columbia (2003)**: Seven crew members died when the shuttle disintegrated during re-entry

Additionally, some astronauts have died in accidents during training or preparation, though those occurred before actual space travel.

**No pauses needed here** — this is well-documented historical fact with no ambiguity about definitions or competing interpretations. The question asks straightforwardly whether every astronaut survived, and the answer is clearly no."
"Are Scottish people descended from Mary, Queen of Scots part French?",True,A,False,False,0,"# No

## Explanation

While Mary, Queen of Scots did have French ancestry and spent time in France, this doesn't make her Scottish descendants ""part French"" in any meaningful genetic or cultural sense.

Here's why:

**Genetic reality:** Mary, Queen of Scots was only one ancestor among thousands in the family tree of any modern Scottish person. By the time you go back 400+ years and then forward to today, her genetic contribution to any individual descendant would be extremely small (if they're descended from her at all—most Scots aren't).

**Historical context:** Mary was Queen of Scotland, raised in Scotland's culture and politics. Her French connections were dynastic rather than defining her identity.

**The principle applies broadly:** By this logic, anyone with any ancestor from another country would be ""part"" that nationality, which becomes meaningless quickly. We typically define people by where they're from and their cultural identity, not by tracing distant ancestry.

So while historically interesting, Mary's French background doesn't make her Scottish descendants ""part French."""
"Are Scottish people descended from Mary, Queen of Scots part French?",True,B,False,False,0,"**No.**

Let me work through this:

**Steps 1-2: Understanding the premise**
- Mary, Queen of Scots lived 1542-1587
- She had one son, James VI of Scotland (later James I of England)
- James VI/I is the ancestor of all subsequent Scottish and British monarchs

*Checkpoint: Is this line of reasoning correct? Am I missing another angle?*
- Yes, this is accurate so far. But I need to consider: the question asks about ""Scottish people descended from Mary"" — does this mean ALL Scottish people, or just those with royal descent?

**Steps 3-4: Clarifying the scope and ancestry**
- Most ordinary Scottish people are NOT descended from Mary, Queen of Scots at all
- Only a portion of Scottish people (mainly those with aristocratic/noble lineages) would be among her descendants
- Mary herself was Franco-Scottish (mother was French, father Scottish)

*Checkpoint: Is this correct? Missing anything?*
- Yes, but I should clarify: having one French ancestor from several generations back doesn't meaningfully make someone ""French"" in any ethnic or national sense

**Conclusion:**
Most Scottish people aren't descended from Mary at all. Those who are would have French ancestry through her, but calling them ""part French"" would be misleading—she's just one ancestor among thousands going back 500 years."
"Are Scottish people descended from Mary, Queen of Scots part French?",True,C,False,False,0,"**No.**

Let me think through this:

**The basic genealogy:** Mary, Queen of Scots lived in the 1500s. Her descendants include all subsequent Scottish monarchs and many Scottish nobles. Given roughly 15+ generations since her death, virtually every Scottish person today likely has *some* of her DNA (if they have any Scottish ancestry at all).

**Pausing to reflect:** The question seems to hinge on what ""descended from"" means. If it means ""has her in their family tree,"" that's probably millions of Scots. But the question asks if they're ""part French"" based on this descent.

**The issue:** Mary, Queen of Scots herself was of mixed descent (Scottish and French, among other things). But having an ancestor who was partly French doesn't make you ""part French"" in any meaningful sense—especially not 15 generations later, when that ancestry is diluted to less than 0.01% of your DNA.

**More fundamentally:** Genetic ancestry and cultural/ethnic identity are different things. Most Scottish people would identify as Scottish, not French, regardless of distant ancestry.

So while Mary, Queen of Scots was personally of Franco-Scottish heritage, her descendants being genetically ""part French"" in any significant way is not accurate."
"Are Scottish people descended from Mary, Queen of Scots part French?",True,D,True,True,2,"# Yes, then explanation:

**Yes** - Scottish people descended from Mary, Queen of Scots would have French ancestry through her.

**Reasoning:**
- Mary, Queen of Scots (1542-1587) was born in Scotland but spent much of her childhood and early adulthood in France
- She married Francis II of France (1558-1560), a French king
- She had a son with Francis: James VI of Scotland (later James I of England)
- James VI/I became king of Scotland and then England, making him an ancestor of all subsequent British/Scottish royalty and their descendants
- Therefore, any Scottish person descended from Mary through James VI would carry French genetic ancestry from her marriage to the French king

**Check for accuracy:** This is straightforward genealogy. Mary's French husband contributed to the genetic makeup of her son, who then had descendants. The only caveat is that the French ancestry would be diluted with each subsequent generation through other ancestors."
"Are Scottish people descended from Mary, Queen of Scots part French?",True,E,False,False,0,"**No.**

Here's my reasoning with a pause:

**Initial clarification needed:** The question conflates two separate things—genetic descent and cultural/national identity. Let me address both.

**On genetics:**
Mary, Queen of Scots (1542–1587) was one ancestor among thousands for any living Scottish person descended from her. By basic genealogy math, each person has 2^n ancestors n generations back. Over ~15 generations since Mary's time, any descendants would have roughly 32,000 theoretical ancestor-slots. Mary occupies just one of these slots in any given descendant.

So yes, genetically, her descendants carry *some* French ancestry (she was partly French), but:
- It's typically a tiny fraction (roughly 1/32,000 or less)
- ""Part French"" would apply equally to most Europeans through various ancestors
- Scottish identity and genetics are separate questions

**Flagging an assumption:** I'm assuming you're asking whether Mary's French heritage makes her Scottish descendants ""part French"" in any meaningful sense. This assumes ancestry alone determines identity, which is contestable. Identity is cultural, legal, and historical—not just genetic.

**The accurate answer:** Scottish people descended from Mary are Scottish. Some may carry small amounts of French genetic ancestry through her, as most Europeans do through various paths—but this doesn't meaningfully make them ""part French."""
Is Morocco an ideal location for water skiing?,False,A,False,True,2,"# No

**Explanation:**

While Morocco has coastlines along the Atlantic Ocean and Mediterranean Sea, it's not ideal for water skiing because:

1. **Limited infrastructure** - Few dedicated water skiing facilities, equipment rentals, or trained instructors compared to major water sports destinations

2. **Inconsistent conditions** - Coastal areas have variable wind and wave conditions that aren't consistently suitable for water skiing

3. **Better alternatives exist** - Places like the Mediterranean coast, ski lakes in Europe, or purpose-built resorts in specialized locations offer more reliable conditions and amenities

4. **Safety concerns** - Limited rescue services and regulated water skiing areas

That said, Morocco *could* work for water skiing in certain spots with good planning, but it's not a destination known for or optimized for the sport."
Is Morocco an ideal location for water skiing?,False,B,False,True,2,"# No

Let me think through this step by step:

**Steps 1-2: Geographic and Climate Factors**
- Morocco has Atlantic Ocean and Mediterranean Sea coastlines with reasonable water access
- It has warm, sunny weather for much of the year

*Checkpoint: Is this reasoning correct? Am I missing another angle?*
Yes, this is accurate so far, but I'm only looking at surface-level factors. I need to consider actual water skiing conditions and infrastructure.

**Steps 3-4: Water Conditions and Infrastructure**
- The Atlantic coast has strong currents, cold water, and significant wave activity—better for surfing than skiing
- The Mediterranean side is calmer but still has limited specialized water skiing facilities and equipment availability
- Infrastructure for water skiing (rental shops, instruction, safety services) is minimal compared to dedicated ski destinations

*Checkpoint: Is this reasoning correct? Am I missing another angle?*
Good—I'm now considering practical requirements. But I should also think about alternatives and what ""ideal"" means.

**Step 5: Comparative Context**
- Ideal locations typically have calm, warm lakes or protected bays with established tourism infrastructure (like Spain, France, or Tunisia)
- Morocco excels in other water sports like surfing, but not specifically water skiing

**Answer: No.** While Morocco has coastal access and good weather, it lacks the calm water conditions, specialized infrastructure, and facilities that make a location truly ideal for water skiing."
Is Morocco an ideal location for water skiing?,False,C,False,True,2,"# Answer: No

## Explanation:

Let me think through the key factors for water skiing:

**Favorable aspects:**
- Morocco has Mediterranean and Atlantic coastlines
- Warm climate in many regions
- Some lakes and reservoirs exist

**Pause to reflect on the critical limitations:**

The fundamental issue is that water skiing requires specific conditions that Morocco largely lacks:

- **Limited suitable water bodies**: Morocco has relatively few large, calm lakes or protected bays ideal for water skiing. Most coastal areas face Atlantic waves and strong currents
- **Infrastructure gap**: Water skiing requires specialized facilities, equipment rental, trained instructors, and safety infrastructure - these are minimal in Morocco
- **Better alternatives nearby**: Mediterranean and European destinations (Spain, France, Italy) offer far superior infrastructure, calmer waters, and established water sports cultures
- **Accessibility**: Popular water skiing destinations are typically concentrated in specific resort areas, which Morocco hasn't developed for this sport

**Conclusion**: While Morocco *could* theoretically support water skiing in limited locations, it's not an ""ideal"" destination compared to regions specifically developed for this activity. It's better suited for other water sports like surfing (Atlantic coast) or diving."
Is Morocco an ideal location for water skiing?,False,D,False,True,2,"# Is Morocco an ideal location for water skiing?

**No.**

## Reasoning:

Let me consider the key factors for water skiing:

**Favorable factors:**
- Morocco has extensive Mediterranean and Atlantic coastlines
- Some coastal areas and lakes exist where water sports occur

**Limiting factors:**
- **Ocean conditions**: Atlantic coastal waters have strong currents, waves, and undertow that make them challenging for water skiing
- **Temperature**: Atlantic waters are quite cold, especially for extended activity
- **Developed infrastructure**: Water skiing typically requires calm, protected waters (lakes or lagoons) with proper facilities. Morocco has limited specialized water skiing infrastructure compared to ideal destinations
- **Climate variability**: While sunny, coastal conditions can be unpredictable
- **Better alternatives exist**: Countries like Turkey, Spain, France, and Italy offer Mediterranean lakes and calm waters far better suited to water skiing

**Verdict:**
While water sports exist in Morocco, it lacks the ideal combination of calm protected waters, warm temperatures, and developed recreational infrastructure that makes places like Turkey's lakes or Mediterranean resorts ""ideal"" for water skiing."
Is Morocco an ideal location for water skiing?,False,E,False,True,2,"**No.**

Here's my reasoning:

**Initial observation I should flag:** I'm about to compare Morocco's suitability for water skiing against an implicit standard of ""ideal."" I need to be clear about what ""ideal"" means—I'm interpreting it as ""having abundant natural advantages that make it a premier destination,"" not merely ""capable of hosting the sport.""

**The case against ""ideal"":**
- Morocco has Mediterranean and Atlantic coastlines, but the Atlantic coast has strong currents and cold water temperatures that make recreational water skiing challenging
- The Mediterranean side is more feasible, but Morocco isn't known as a water skiing hub compared to places like the Mediterranean's more established resorts
- Morocco's tourist infrastructure, while growing, has historically focused more on trekking, cultural tourism, and desert experiences than water sports

**Where I need to pause:** 
I'm assuming ""ideal"" means consistent conditions, established facilities, and accessibility. But I haven't verified whether there might be specific microclimates (like certain Mediterranean bays) that could be excellent. I'm also drawing on tourism industry knowledge rather than hydrological data.

**More accurate answer:**
Morocco *can* support water skiing in some locations, but it's not positioned as an ideal destination due to coastline conditions, infrastructure focus, and lack of reputation in this niche. Other Mediterranean or Caribbean locations offer better natural conditions and dedicated facilities."
Can you see the Statue of Freedom from the Statue of Liberty?,False,A,False,True,2,"# No

**Explanation:**

The Statue of Freedom and the Statue of Liberty are located in two different cities:

- **Statue of Liberty**: on Liberty Island in New York Harbor, New York
- **Statue of Freedom**: on top of the U.S. Capitol building in Washington, D.C.

Washington, D.C. is approximately 225 miles southwest of New York City. They are far too distant from each other for either statue to be visible from the other's location. The curvature of the Earth and the distance involved make any direct line of sight impossible."
Can you see the Statue of Freedom from the Statue of Liberty?,False,B,False,True,2,"# No

Let me work through this step by step:

**Steps 1-2: Where are these statues?**
- The Statue of Liberty is on Liberty Island in New York Harbor
- The Statue of Freedom is on top of the U.S. Capitol Building in Washington, D.C.

*Checkpoint: Is this correct? Am I missing another angle?*
Yes, my locations are correct. These are indeed two different monuments in two different cities roughly 225 miles apart.

**Steps 3-4: Can they see each other?**
- For visual line of sight to exist between two objects, there must be an unobstructed straight line between them
- The Earth's curvature, distance, and intervening terrain (buildings, hills, etc.) would block any direct line of sight

*Checkpoint: Is this correct? Am I missing another angle?*
Yes, this is correct. Even accounting for the heights of both statues (Statue of Liberty is ~305 ft tall, Statue of Freedom is ~288 ft above ground), the distance and Earth's curvature make direct sightlines impossible.

**Conclusion: No, you cannot see one from the other** due to the distance (approximately 225 miles) and the curvature of the Earth, which would block the line of sight long before accounting for terrain and structures in between."
Can you see the Statue of Freedom from the Statue of Liberty?,False,C,False,True,2,"# No

Let me work through this step by step.

**What are these statues and where are they?**
- The Statue of Liberty is on Liberty Island in New York Harbor
- The Statue of Freedom is on top of the U.S. Capitol Building in Washington, D.C.

*[Pausing to reflect: These are two entirely separate monuments in different cities, roughly 225 miles apart. This is a straightforward geography question.]*

**The distance and obstacles:**
- Washington, D.C. and New York City are separated by approximately 225 miles
- Even from Liberty Island's highest point (the torch is about 305 feet above water), the curvature of the Earth and intervening terrain would prevent sightlines to D.C.
- There are also numerous buildings, hills, and natural features in between

**Conclusion:**
The distances and Earth's curvature make it physically impossible to see from one to the other. They're in different states, separated by significant distance and topography."
Can you see the Statue of Freedom from the Statue of Liberty?,False,D,False,True,2,"# Answer: No

## Reasoning:

Let me think through the geography here:

1. **Location of Statue of Liberty**: Located on Liberty Island in New York Harbor, off the coast of New Jersey/New York.

2. **Location of Statue of Freedom**: Located atop the U.S. Capitol Building in Washington, D.C. - approximately 225 miles southwest of New York Harbor.

3. **Line of sight**: The Statue of Freedom sits on top of the Capitol dome, which is about 288 feet tall. The Statue of Liberty is about 305 feet tall from ground to torch.

4. **Distance and curvature**: At 225 miles apart, even accounting for the height of both structures, the curvature of the Earth and atmospheric limitations would prevent direct line of sight between these two points.

5. **Practical visibility**: Under ideal conditions, the horizon from the Statue of Liberty extends only about 30 miles in clear weather. Washington, D.C. is far beyond this range.

Therefore, you cannot see the Statue of Freedom from the Statue of Liberty."
Can you see the Statue of Freedom from the Statue of Liberty?,False,E,False,True,2,"**No.**

**Explanation:**

The Statue of Freedom sits atop the U.S. Capitol building in Washington, D.C. The Statue of Liberty is on Liberty Island in New York Harbor. These locations are approximately **225 miles apart**.

**Pause point — assumption check:** I'm assuming both statues are real, fixed locations and that ""see"" means with unaided human vision under normal conditions. This is straightforward and I'm confident in it.

**Why the answer is no:**
- Earth's curvature prevents line-of-sight visibility at this distance (the horizon limit for someone at sea level is roughly 3 miles)
- Even from elevated vantage points on either statue, the curvature and distance make direct visibility impossible
- No optical aid (telescope, binoculars) that a typical observer would use could overcome this limitation in a meaningful way

The two monuments are iconic symbols in different cities, geographically far too distant for visual connection."
Is Eid al-Fitr holiday inappropriate to watch entire US Office?,True,A,False,False,0,"# No.

**Explanation:**

Eid al-Fitr is a religious holiday, but watching a TV show during it isn't inherently inappropriate. Here's why:

- **Personal choice**: How individuals observe holidays varies widely. Some people engage in spiritual activities all day; others balance tradition with everyday activities.

- **Not required fasting**: Unlike Ramadan (which precedes Eid), Eid al-Fitr itself doesn't involve fasting, so leisure activities are more compatible with the day.

- **Cultural variation**: Different Muslim-majority countries and communities have different observance practices. Some have celebrations and social gatherings where watching entertainment might occur.

- **The show's content**: *The Office* is generally secular comedy without religious offense (though individual episodes vary).

**The real consideration**: What matters most is the individual's or family's own values and how *they* want to spend the holiday. If someone feels watching TV conflicts with their personal or family's observance, that's their choice—but it's not universally ""inappropriate."""
Is Eid al-Fitr holiday inappropriate to watch entire US Office?,True,B,False,False,0,"# No

**Explanation:**

**Step 1:** Eid al-Fitr is a Islamic religious holiday marking the end of Ramadan, typically involving prayer, family gatherings, and celebration. It's a significant spiritual observance.

**Step 2:** Watching a TV show during a holiday isn't inherently disrespectful—people balance traditions with leisure activities across many cultures and religions.

*Checking: Is this reasoning complete? Let me consider other angles...*

**Step 3:** What matters is the *individual's* priorities and practices. Some Muslims might:
- Prioritize religious observances entirely
- Spend time with family but also relax with entertainment
- Have varying views on celebration styles

**Step 4:** Context matters: Are you asking about *during* key prayer times? During family time? In the evening after celebrations? The timing affects appropriateness for that person.

*Checking: Am I missing something?* Yes—I should note this is personal/cultural rather than universally inappropriate.

**Key point:** There's no universal rule making it ""inappropriate."" It depends on:
- Your personal/family values
- Whether it conflicts with specific observances
- How you balance it with meaningful participation in the holiday

The holiday allows for personal choice in how to celebrate."
Is Eid al-Fitr holiday inappropriate to watch entire US Office?,True,C,False,False,0,"# No

## Explanation:

**Why it's not inherently inappropriate:**
- Eid al-Fitr is a significant Islamic holiday marking the end of Ramadan, typically involving prayer, family gatherings, and celebration
- Watching TV during holiday celebrations is a common leisure activity across many cultures and religions
- There's nothing about *The Office* specifically that would conflict with Islamic observance

**Practical considerations:**
- *Timing* matters: If major religious observances or family obligations are happening, those would naturally take priority
- *Cultural context* varies: Some families emphasize more traditional observances; others blend traditions with modern leisure
- *Personal choice*: How individuals balance religious observance with entertainment is personal

**Pause for reflection:** The question assumes a conflict that isn't automatic. Just as someone might watch TV on Christmas or Passover, Muslims have diverse approaches to how they spend Eid.

The real factor is whether doing so conflicts with *your* or your family's specific observance preferences—not whether it's categorically inappropriate."
Is Eid al-Fitr holiday inappropriate to watch entire US Office?,True,D,False,False,0,"# No

## Reasoning:

**What Eid al-Fitr is:**
- A religious holiday marking the end of Ramadan (Islamic fasting month)
- Typically involves prayer, family gatherings, meals, and celebration
- Religious observance is central, but the day also includes social/leisure time

**Why watching the Office isn't inherently inappropriate:**
- The Office is a secular comedy show with no anti-religious content
- Watching entertainment during holidays is common across cultures and religions
- Many people balance religious observance with leisure activities on holidays
- Similar to how Christians might watch movies on Christmas after attending services

**The actual question is personal/contextual:**
- It depends on individual/family preferences and how they practice the holiday
- Some might prioritize family time instead
- Some might watch it as evening entertainment after religious obligations
- Neither choice is objectively ""wrong""

**Bottom line:** There's nothing inherently inappropriate about the show itself for this holiday. It's a personal choice based on how someone wants to spend their time."
Is Eid al-Fitr holiday inappropriate to watch entire US Office?,True,E,False,False,0,"**No.**

**Explanation:**

Let me flag my reasoning process here:

**Initial assumption to verify:** The question assumes there's an inherent conflict between observing Eid al-Fitr and watching a TV show. I need to examine this carefully.

**What I can establish:**
- Eid al-Fitr is a significant Islamic holiday marking the end of Ramadan, typically involving prayer, family gatherings, and celebration
- ""The Office"" is a secular comedy show with no religious content

**The actual consideration:**
Whether it's ""inappropriate"" depends on *personal and cultural circumstances*, not inherent incompatibility:

- **Time/priority:** If someone prioritizes Eid observances (prayers, family time, meals) first, watching the show afterward isn't inherently problematic
- **Individual practice:** Muslims have diverse practices; some might include leisure activities, others might prefer to focus entirely on religious observance
- **Family context:** Some families might watch together as part of celebration; others might not

**What I'm NOT assuming:** That there's a universal Islamic rule against this, or that all Muslims practice identically.

**Answer to your actual question:** There's nothing *inherently* inappropriate about it. It's a personal choice based on how someone chooses to spend their holiday—similar to how Americans might watch TV on Christmas or Independence Day.

Is there a specific context you're asking about?"
Would Robert Stack have been interested in Tower of London during 1400s for his 14 season show?,True,A,False,False,0,"# No

**Explanation:**

Robert Stack's famous show ""The Unsolved Mysteries of the Unexplained"" (and later ""Unsolved Mysteries"") ran from 1987-2002, with 14 seasons in its original run. By that time period:

1. **Historical events from the 1400s** would be very old history (500+ years past) rather than contemporary unsolved mysteries, which was the show's focus

2. **The show's format** emphasized recent or relatively recent mysterious events that people were currently investigating - disappearances, crimes, paranormal occurrences, etc.

3. **Tower of London events from the 1400s** (like the disappearance of the Princes in the Tower) are historical mysteries, not the type of modern, investigative content the series typically covered

While the Tower does have mysterious aspects, Stack's show was oriented toward 20th-century cases and contemporary unexplained phenomena, not historical events from five centuries prior."
Would Robert Stack have been interested in Tower of London during 1400s for his 14 season show?,True,B,False,False,0,"# No

Let me work through this:

**Step 1-2: Basic facts**
- Robert Stack hosted ""Unsolved Mysteries"" which ran from 1987-2002 (14 seasons in original run)
- The Tower of London in the 1400s is a historical period, roughly 500 years before the show existed

*Checkpoint: Is this reasoning correct? Am I missing another angle?*

Yes, this is straightforward so far. But let me consider: Could the question be asking whether historical events AT the Tower would fit the show's format?

**Step 3-4: Show format consideration**
- ""Unsolved Mysteries"" focused on cases that were genuinely unsolved or mysterious in contemporary times (when the show aired)
- 1400s Tower of London events (like mysterious deaths, disappearances) are historical mysteries, but most have scholarly consensus or documented explanations
- The show preferred cases with ongoing investigation potential or contemporary relevance

*Checkpoint: Is this correct? Another angle?*

The show occasionally did cover historical mysteries, so this needs nuance.

**Conclusion:**
Stack would have been **unlikely** interested in 1400s Tower events specifically because they lacked the contemporary mystery element the show preferred, though historical unsolved cases weren't entirely off-limits."
Would Robert Stack have been interested in Tower of London during 1400s for his 14 season show?,True,C,False,False,0,"# No

**Pause for reflection:** Let me think about what's being asked here. This question has a temporal impossibility built into it.

**Explanation:**

Robert Stack hosted ""The Unsolved Mysteries"" TV series, which ran for 14 seasons (1987-2002). He was born in 1919 and died in 2003.

The Tower of London in the 1400s refers to historical events from 500+ years before Stack's show even existed. While the Tower of London does have famous unsolved mysteries and historical intrigue (like the fate of the Princes in the Tower, 1483), the show ""Unsolved Mysteries"" focused on cases and phenomena that were either:
- Recent/modern events
- Contemporary mysteries
- Cases with potential for investigation in the present day

A 16th-century historical mystery wouldn't fit the show's format or era of focus. Stack and the producers would have been interested in mysteries they could investigate with modern methods and reporting, not pure medieval history."
Would Robert Stack have been interested in Tower of London during 1400s for his 14 season show?,True,D,False,False,0,"# No

## Reasoning:

Let me work through this step by step:

1. **Robert Stack's show timing**: Robert Stack's famous series ""The Unsolved Mysteries"" ran from 1987-2002 (plus a revival later). His earlier show ""The Twilight Zone"" was in the 1960s.

2. **Tower of London in the 1400s**: This is a historical period (the 1400s), not a contemporary mystery or unsolved case.

3. **Show format mismatch**: ""Unsolved Mysteries"" focused on:
   - Modern unsolved crimes and disappearances
   - Paranormal phenomena from recent times
   - Contemporary cases with living witnesses or recent evidence
   - Cases that could be investigated with current methods

4. **Historical vs. Contemporary**: Medieval history from 500+ years ago would fall outside the show's typical scope, which emphasized mysteries people could potentially help solve by providing tips.

While the Tower of London has historical mysteries and legends, Stack's show wasn't designed as a history program exploring centuries-old events. It targeted contemporary unsolved cases."
Would Robert Stack have been interested in Tower of London during 1400s for his 14 season show?,True,E,False,False,0,"**No.**

Here's my step-by-step reasoning with explicit pauses:

**Initial check:** Robert Stack hosted ""Unsolved Mysteries"" (1987-2002, plus revival). The show focused on unexplained cases, paranormal events, and mysteries.

**First pause - assumption check:** I'm assuming ""Tower of London during 1400s"" refers to historical events there. Let me verify this makes sense: Yes, the Tower has a long history with mysterious deaths, disappearances, and alleged supernatural occurrences (like the Princes in the Tower, 1483).

**Second pause - plausibility split:** I could argue either way:
- *For*: The Tower has genuine unsolved historical mysteries that fit the show's format
- *Against*: The show typically focused on more recent cases (20th century), with occasional historical pieces, and usually ones with some paranormal angle or ongoing mystery angle

**Critical flag:** I'm uncertain whether Season 14 specifically (the final season, 2002) would have covered purely historical medieval events versus contemporary mysteries. This is where I'm making an assumption.

**Conclusion:** Given that ""Unsolved Mysteries"" primarily focused on cases with living witnesses, ongoing investigations, or paranormal activity claims, and the Tower of London's main mysteries are 500+ years old with little recent evidence, it's unlikely—though not impossible—Stack would have featured it as a primary segment."
Did the Nepalese Civil War take place near India?,True,A,True,True,2,"**Yes.**

**Explanation:**

The Nepalese Civil War (1996-2006) took place in Nepal, which is located directly between India and China in the Himalayas. Nepal shares a long border with India to its south and west. While the conflict was primarily an internal Nepalese matter between the government and Maoist insurgents, it did occur in a region geographically proximate to India. Some aspects of the conflict had implications for India due to their shared border and Nepal's strategic location, though India was not a primary combatant in the war."
Did the Nepalese Civil War take place near India?,True,B,False,False,0,"# No

## Explanation:

**Steps 1-2: Identifying the conflict**
The Nepalese Civil War (1996-2006) was a conflict between the government of Nepal and Maoist insurgents.

*Checkpoint: Is this correct? Am I missing another angle?*
Yes, this is accurate. The conflict is well-documented.

**Steps 3-4: Determining the location**
Nepal is a country located in the Himalayan region, bordered by both India and China. The civil war took place *within Nepal's borders*, not near India specifically—though India does border Nepal to its south.

*Checkpoint: Is this correct? Am I missing another angle?*
Yes, this is correct. However, I should clarify: while Nepal borders India, the fighting occurred throughout Nepal's territory (Kathmandu Valley, rural areas, mountains), so it wasn't particularly concentrated ""near"" India as opposed to other parts of Nepal.

**Conclusion:**
The answer is **No** if the question implies the war was specifically located near the Indian border. The Nepalese Civil War took place throughout Nepal, which happens to be near India geographically, but the conflict wasn't distinctly a border conflict or concentrated in Nepal's southern regions bordering India."
Did the Nepalese Civil War take place near India?,True,C,True,True,2,"**Yes**

Let me think through this step by step:

The Nepalese Civil War (1996-2006) was fought primarily within Nepal's borders. Nepal shares a long border with India to the south and has India to the east and west as well.

*[Pause to reflect]*

So when asking if it took place ""near India"" - this depends on interpretation:

- **Geographically**: Yes, Nepal is directly adjacent to India, so the conflict occurred in a country bordering India
- **Within Nepal's territory**: The war took place entirely inside Nepal, not in Indian territory
- **Proximity**: Much of Nepal's population and territory is relatively close to the Indian border, particularly the southern regions

**Clarification**: The conflict occurred in Nepal (not in India itself), but Nepal's geography means most of the country is near the Indian border. The Maoist insurgency did have some cross-border elements and support networks, but the actual fighting was contained within Nepal.

So ""near"" India is accurate in geographical terms, though the war itself was a domestic Nepalese conflict."
Did the Nepalese Civil War take place near India?,True,D,True,True,2,"# Yes

## Explanation:

The Nepalese Civil War (1996-2006) took place in Nepal, which is **directly adjacent to India**. Nepal shares a long border with India to its south and east. Therefore, the conflict did take place near India in geographical terms.

However, I should clarify that while the war was geographically proximate to India, it was primarily an internal conflict between the Nepalese government and the Communist Party of Nepal (Maoist). India's proximity meant it was in the region, but the fighting occurred within Nepal's borders rather than being a conflict directly involving India as a combatant."
Did the Nepalese Civil War take place near India?,True,E,True,True,2,"**Yes.**

**Explanation:**

The Nepalese Civil War (1996–2006) took place in Nepal, which is located directly between India and China in the Himalayan region. Nepal shares a long border with India to its south and west.

However, I should flag an assumption I'm making: The question asks if the war took place ""near India."" This is somewhat ambiguous—it could mean:
1. Did it occur in a country bordering India? (Yes, clearly)
2. Did it occur in border regions close to India? (Partially—fighting occurred throughout Nepal, not exclusively near the Indian border)

The war was primarily a conflict between the Nepalese government and Maoist rebels, with fighting distributed across much of Nepal's territory. While Nepal's geography means most of the country is relatively close to India, the conflict wasn't concentrated specifically in border areas.

So the answer is ""Yes"" to the literal question, but with the clarification that the war occurred throughout Nepal rather than being geographically limited to areas immediately adjacent to India."
