question,correct_answer,condition,extracted_answer,correct,score,response
Would a packed Wembley stadium be likely to have a descendant of the Mongols inside?,True,A,True,True,2,"**Yes.**

**Explanation:**

Wembley Stadium in London has a capacity of around 90,000 people. When packed, it draws attendees from across the UK and internationally.

The Mongol Empire (13th-14th centuries) was vast and had millions of subjects across Asia, Eastern Europe, and beyond. Genghis Khan and his descendants had numerous children and established a massive empire with extensive populations under their rule.

Given that:
1. A very large portion of people with ancestry from Central Asia, Eastern Europe, and parts of Asia would statistically have Mongol heritage
2. The UK has diverse immigration and ancestry
3. The stadium holds 90,000 people

It would be statistically very likely that at least one person in a packed Wembley would have Mongol ancestry - in fact, probably many thousands would."
Would a packed Wembley stadium be likely to have a descendant of the Mongols inside?,True,B,True,True,2,"# Yes

**Explanation:**

**Step 1:** Wembley Stadium in London hosts major events (concerts, sports) that attract diverse crowds from around the world.

**Step 2:** Let me check my reasoning: A ""packed"" stadium means tens of thousands of people. This is a straightforward probability question about population genetics.

*Is this correct? Am I missing another angle?* — No, I'm on track. The question is really asking about whether Mongol descendants exist in modern populations.

**Step 3:** Mongol descendants are widespread globally today due to historical migration, conquest, and gene flow. Millions of people across Asia, Eastern Europe, and beyond carry Mongol ancestry.

**Step 4:** The UK has diverse immigration from all continents. Even without international visitors, the domestic UK population includes people with ancestry from across the world.

*Is this reasoning sound?* — Yes. The question essentially asks: in a random sample of ~60,000+ people at Wembley, would at least one have Mongol ancestry?

**Conclusion:** 

Given the massive crowd size and global genetic distribution of Mongol descendants, it would be statistically **very likely** (bordering on certain) that at least one person present would have Mongol ancestry."
Would a packed Wembley stadium be likely to have a descendant of the Mongols inside?,True,C,True,True,2,"# Yes

## Explanation

**The straightforward reason:** A packed Wembley Stadium holds around 90,000 people. Given that:

- The Mongol Empire existed roughly 800+ years ago
- Genghis Khan and subsequent Mongol rulers had numerous descendants
- Genetic studies suggest millions of people worldwide carry Mongol ancestry
- Modern Mongolia has ~3 million people, plus vast diaspora communities across Asia, Russia, and increasingly globally

**Statistical likelihood:** With 90,000 random people from a typical Western stadium crowd (likely majority European/British, but increasingly diverse), the probability of having at least one person with documented or genetic Mongol ancestry is very high—possibly 1 in 200+ people carry Y-chromosome markers from Genghis Khan specifically.

**The catch:** ""Descendant"" is fuzzy—if you mean direct lineal descent with documented genealogy, it's less certain. If you mean genetic ancestry (which most people have from many sources), it's virtually certain.

So the answer depends on how strict your definition is, but **yes** is the most reasonable answer."
Would a packed Wembley stadium be likely to have a descendant of the Mongols inside?,True,D,True,True,2,"# Yes

## Reasoning:

Let me think through this step by step:

1. **Wembley Stadium capacity**: Wembley holds approximately 90,000 people when packed.

2. **Geographic scope of Mongol descendants**: The Mongol Empire at its height (13th-14th centuries) covered vast territories across Asia, Europe, and beyond. Genghis Khan and subsequent Mongol rulers had numerous descendants.

3. **Modern distribution**: Mongol descendants today exist across:
   - Mongolia itself
   - Russia (particularly Siberia and southern regions)
   - China (various regions)
   - Central Asian countries
   - Caucasus region
   - And through intermarriage, potentially worldwide

4. **Genetic studies**: Research suggests a significant percentage of people across Asia and Eastern Europe carry Mongol ancestry.

5. **Wembley audience composition**: A packed stadium would include people from diverse ethnic and geographic backgrounds, including likely visitors/residents from regions with Mongol heritage.

With 90,000 people in the stadium drawn from diverse populations, the probability of at least one person descended from the Mongols is very high—essentially certain."
Is the Louvre's pyramid known for being unbreakable? ,False,A,False,True,2,"# No

The Louvre pyramid is not known for being unbreakable. 

The glass pyramid designed by I.M. Pei and completed in 1989 is made of standard glass and metal framework—it's an architectural landmark, not a security feature. While it's certainly durable and built to withstand normal conditions and weather, it's not marketed as or designed to be ""unbreakable."" 

Glass structures of this type can be damaged by severe impacts, accidents, or extreme conditions, just like any other glass building. The pyramid's fame comes from its striking modern design and its role as the main entrance to the museum, not from any special impermeability or indestructibility."
Is the Louvre's pyramid known for being unbreakable? ,False,B,False,True,2,"# No

**Explanation:**

The Louvre pyramid is not known for being ""unbreakable."" Here's why:

**Step 1:** The Louvre pyramid is a glass and metal structure completed in 1989. It's made of transparent glass panels supported by a metal framework—materials designed for visibility and aesthetics, not maximum durability.

**Step 2:** The pyramid has experienced damage over the years. Glass panels have been broken by vandalism, weather, and accidents. It requires regular maintenance and repairs.

*Is this reasoning correct? Am I missing another angle?* — Let me verify: Yes, this is accurate. The pyramid is beautiful and iconic, but ""unbreakable"" is not a characteristic it's known for.

**Step 3:** The pyramid's fame comes from other qualities—its modern architectural contrast with the historic museum, its role as the main entrance, and its distinctive geometric design by I.M. Pei.

**Step 4:** If anything, the glass construction makes it relatively vulnerable compared to solid stone structures, though the engineering is sophisticated for its purpose.

The Louvre pyramid is celebrated for its innovative design and cultural significance, not structural invulnerability."
Is the Louvre's pyramid known for being unbreakable? ,False,C,False,True,2,"# No

## Explanation

The Louvre pyramid is not known for being unbreakable. While the pyramid structure itself is made of glass and metal and is quite durable, it is not marketed or recognized as an ""unbreakable"" structure.

The pyramid's glass panels are tempered and laminated for safety and weather resistance, but they can be damaged or broken under sufficient force (like any glass structure). The design is meant to be elegant, transparent, and functional as an entrance to the museum—not to serve as an impenetrable barrier.

The pyramid *is* famous for other reasons: its striking modernist design by I.M. Pei, its contrast with the classical Louvre palace, and its iconic status as one of the world's most recognizable contemporary buildings."
Is the Louvre's pyramid known for being unbreakable? ,False,D,False,True,2,"**No.**

The Louvre pyramid is not known for being unbreakable. Here's why:

1. **Material composition**: The pyramid is made of glass and metal framework (steel), not an exceptionally hard or damage-resistant material.

2. **Actual damage history**: The glass pyramid has actually sustained damage over the years from various incidents, including vandalism and accidents.

3. **What it IS known for**: The Louvre pyramid is famous for its modern architectural design by I.M. Pei, its striking contrast with the classical museum building, and its role as the museum's main entrance (opened in 1989).

4. **Glass durability**: While the glass used is likely reinforced or tempered for safety, glass by nature can break under sufficient force.

The pyramid's reputation rests on its architectural significance and aesthetic impact, not on any property of being unbreakable."
Were Greeks essential to crafting Egyptian Lighthouse of Alexandria?,True,A,False,False,0,"# No

## Explanation

While Greeks were involved in the Lighthouse of Alexandria's history, they were not essential to its *crafting/construction*.

**Key facts:**

- **Built by:** Ptolemy II (a Greek Macedonian ruler of Egypt) commissioned it around 280 BCE
- **Designed by:** Sostratus of Cnidus (a Greek architect) - so Greeks did contribute to design
- **Constructed by:** Egyptian and Phoenician workers performed the actual building labor
- **Location:** Alexandria was a Greek-founded city, but in Egypt

**The nuance:** Greeks provided leadership, design expertise, and vision, but the essential *physical construction* was executed by local Egyptian labor and Phoenician craftsmen. The distinction matters when asking if Greeks were ""essential to crafting"" it—they were essential to *commissioning and designing* it, but not uniquely essential to the actual building work itself.

So the answer depends on whether you mean conceptual/administrative roles (Yes) or hands-on construction (No). Strictly speaking, the answer is **No** to ""essential to crafting."""
Were Greeks essential to crafting Egyptian Lighthouse of Alexandria?,True,B,False,False,0,"# No

## Explanation:

**Steps 1-2: Basic Historical Facts**
1. The Lighthouse of Alexandria was built around 280 BCE in Ptolemaic Egypt
2. The Ptolemies were a Greek dynasty ruling Egypt after Alexander's conquest

*Pause: Is this reasoning correct? Am I missing another angle?*
Yes, but I need to be more precise about what ""essential"" means here.

**Steps 3-4: Distinguishing Rulers from Builders**
3. While Greeks *ruled* Egypt (the Ptolemaic dynasty), the actual construction likely involved diverse labor forces
4. Primary architects and engineers included Sostratus (possibly Greek) and input from Egyptian, Phoenician, and other workers

*Pause: Am I being accurate about agency?*
I should clarify further.

**Steps 5-6: The Nuanced Answer**
5. Greeks were *politically essential* (Ptolemy II commissioned it, Greek dynasty funded it)
6. Greeks may have provided *some technical expertise*, but Egyptian knowledge of construction, local materials, and maritime needs were equally crucial

## Bottom Line:
Greeks were essential as **political rulers and patrons**, but not as the sole or even primary craftspeople. The lighthouse was a **multicultural achievement** reflecting Hellenistic-Egyptian synthesis rather than purely Greek creation."
Were Greeks essential to crafting Egyptian Lighthouse of Alexandria?,True,C,False,False,0,"# No

## Explanation

**The direct answer:** While Greeks contributed significantly, they were not *essential* to the lighthouse's creation.

**Key facts:**

- **Who built it:** The lighthouse was constructed under **Ptolemy II** (a Greek Macedonian ruler of Egypt, part of the Hellenistic period post-Alexander)
- **Who designed it:** Likely **Sostratus of Cnidus** (a Greek architect)
- **The labor force:** Primarily Egyptian workers and craftsmen
- **The context:** By this era, Egypt was under Greek (Ptolemaic) rule, so Greek involvement was institutional rather than uniquely essential

**Pause to reflect:** The question hinges on what ""essential"" means. If we mean ""without Greek rule or designers, would it have been built?"" - possibly yes, as Egyptians had immense architectural knowledge. If we mean ""were Greeks involved in its actual construction?"" - absolutely yes.

**More accurate framing:** Greeks were *instrumental* and *prominent* in the Pharos's creation, but Egyptian engineering knowledge, labor, and the site itself were equally vital. It was a collaborative product of Hellenistic-Egyptian civilization, not something that required Greeks to be possible."
Were Greeks essential to crafting Egyptian Lighthouse of Alexandria?,True,D,True,True,2,"# Yes

## Explanation:

**Yes, Greeks were essential to crafting the Lighthouse of Alexandria:**

1. **Greek architect**: The lighthouse was designed by Sostratus of Cnidus, a Greek architect from Asia Minor.

2. **Greek patron**: It was built under Ptolemy II Philadelphus, a Macedonian Greek ruler of the Ptolemaic Dynasty who governed Egypt after Alexander the Great's conquest.

3. **Greek cultural context**: The lighthouse was constructed during the Hellenistic period when Greek culture and Greek-speaking rulers dominated Egypt following Alexander's conquests.

4. **Greek engineering knowledge**: The design and construction techniques reflected Greek architectural and engineering expertise.

**Important nuance**: While Greeks designed and initiated the project, Egyptian workers and craftspeople would have been essential for the actual construction and labor involved.

So while it's accurate to say Greeks were essential to crafting the lighthouse, it was truly a collaborative undertaking between Greek vision/leadership and Egyptian labor and resources."
Does March begin on the same day of the week as February during leap years?,False,A,False,True,2,"# No

## Explanation

During leap years, February has 29 days instead of 28. Since 29 days = 4 weeks + 1 day, February extends one extra day beyond a complete set of weeks.

This means March 1st will fall on the day of the week *after* February 1st.

**Example:** In 2024 (a leap year):
- February 1st was a Thursday
- March 1st was a Friday

In non-leap years (28 days = exactly 4 weeks), March would begin on the same day as February."
Does March begin on the same day of the week as February during leap years?,False,B,False,True,2,"# No

Let me work through this step by step.

**Steps 1-2: Count the days in February during leap years**
- In a leap year, February has 29 days
- 29 days = 4 weeks + 1 day (since 29 ÷ 7 = 4 remainder 1)

*Is this line of reasoning correct? Am I missing another angle?*
Yes, this is correct. The key insight is that if two months are separated by a certain number of days, the day of the week shifts by however many ""extra"" days beyond complete weeks exist.

**Steps 3-4: Determine what day March begins on**
- February ends on day X (whatever day February 29 falls on)
- March 1 begins the next day after February 29
- Since February has 29 = 28 + 1 day, March 1 is exactly 1 day after the day that February 1 fell on
- Therefore, March 1 is one day of the week *later* than February 1

*Is this line of reasoning correct? Am I missing another angle?*
Yes, this is sound logic. If February has a remainder of 1 day (beyond complete weeks), then the starting day shifts forward by 1 day.

**Conclusion:**
March begins on a **different** day of the week than February during leap years—specifically, one day later in the week."
Does March begin on the same day of the week as February during leap years?,False,C,False,True,2,"# Answer: No

## Explanation:

Let me work through this step-by-step.

**Pause and reflect:** I need to think about how many days are between the start of February and the start of March in a leap year, since the day of the week advances based on the number of days that have passed.

**Key calculation:**
- In a leap year, February has 29 days
- 29 days = 4 weeks + 1 day
- This means if February 1st falls on a Monday, then March 1st falls 29 days later
- 29 days later = the same day + 1 day = Tuesday

**General principle:**
Since 29 ≡ 1 (mod 7), March 1st will always be **one day of the week after** February 1st in a leap year.

For example:
- If Feb 1 = Monday → Mar 1 = Tuesday
- If Feb 1 = Friday → Mar 1 = Saturday

Therefore, they never fall on the same day of the week during leap years."
Does March begin on the same day of the week as February during leap years?,False,D,False,True,2,"Let me think through this step by step.

**Step 1: Understand the question**
I need to determine if March 1st falls on the same day of the week as February 1st during leap years.

**Step 2: Count the days between February 1st and March 1st in a leap year**
In a leap year, February has 29 days.
From February 1st to March 1st is exactly 29 days.

**Step 3: Determine the day of the week after 29 days**
To find what day of the week it will be after 29 days, I divide by 7:
29 ÷ 7 = 4 weeks and 1 day

After 4 complete weeks, we return to the same day of the week. The extra 1 day means we advance by 1 day of the week.

**Step 4: Conclusion**
If February 1st is a Monday, then March 1st would be a Tuesday (one day later in the week).

**Verification**: In leap years like 2020: Feb 1 was Saturday, Mar 1 was Sunday ✓

**Answer: No**

March does not begin on the same day of the week as February during leap years. March 1st falls one day of the week *after* February 1st because February has 29 days in leap years, and 29 days = 4 weeks + 1 day."
Can the history of art be learned by an amoeba?,False,A,False,True,2,"# No

**Explanation:**

An amoeba lacks the cognitive apparatus necessary to learn art history:

1. **No brain or nervous system** — Amoebas are single-celled organisms with no neurons, brain tissue, or any structure capable of processing complex information or forming memories.

2. **No sensory capacity for art** — They cannot see paintings, read text, or perceive the visual/conceptual dimensions of art in any meaningful way.

3. **No learning mechanism** — While amoebas respond to stimuli (light, chemicals, temperature), this is automatic reaction, not learning in the sense of acquiring, retaining, and understanding knowledge.

4. **No language or abstraction** — Art history requires understanding symbols, contexts, cultural meaning, and historical narratives—entirely beyond what an amoeba's biology permits.

The question highlights the vast cognitive gulf between even ""simple"" organisms and the intellectual capacities required for learning."
Can the history of art be learned by an amoeba?,False,B,False,True,2,"# No

**Initial reasoning:**

1. **Step 1**: Learning requires cognitive systems capable of receiving, processing, and retaining information. An amoeba is a single-celled organism with no brain, nervous system, or memory structures.

2. **Step 2**: Art history is abstract knowledge involving concepts like style, historical context, symbolism, and cultural meaning—requiring symbolic reasoning and language comprehension.

*Check: Is this line of reasoning correct? Am I missing another angle?*

Yes, this is sound so far. But let me consider: Could ""learning"" be redefined in unusual ways?

3. **Step 3**: One might argue that if amoebas could somehow absorb physical matter from artworks, they'd have chemical information. However, this wouldn't constitute ""learning art history""—it would just be chemical exposure without comprehension.

4. **Step 4**: The core issue is that learning art history specifically requires understanding human meaning-making, intention, and historical narrative—things that require conscious interpretation and abstract thought.

*Check: Am I being too narrow? Could there be a philosophical angle?*

A pedantic counterpoint: if ""learning"" meant only ""being physically affected by,"" one could technically say exposure occurred. But this empties the word ""learn"" of meaningful content.

**Conclusion**: No. An amoeba lacks the neurological architecture, consciousness, and cognitive capacity necessary to learn anything, let alone the abstract conceptual knowledge that art history requires."
Can the history of art be learned by an amoeba?,False,C,False,True,2,"# No

## Explanation:

Let me think through this carefully.

**Pause for reflection:** The question hinges on what ""learned"" means and what cognitive capacities are required for understanding art history.

An amoeba is a single-celled organism with:
- No brain or nervous system
- No sensory organs for visual perception
- Capacity only for basic stimulus-response (chemotaxis, phototaxis)
- No memory systems beyond temporary chemical states
- No capacity for abstraction, symbolism, or conceptual thought

Art history requires:
- Understanding visual and conceptual information
- Recognizing historical context and causality
- Retaining complex memories
- Engaging with human meaning, intention, and cultural significance
- Abstract reasoning across centuries

**Continuing:** Even if you could somehow expose an amoeba to images of artworks, it could not process them as art, understand their historical relationships, or retain the knowledge. Learning art history fundamentally requires cognitive architecture—a brain—that an amoeba simply does not possess.

This isn't about the amoeba being unwilling or the teaching method being wrong; it's about the absence of the biological substrate necessary for this type of learning."
Can the history of art be learned by an amoeba?,False,D,False,True,2,"# Answer: No

## Reasoning:

Let me think through what would be required:

**What's needed to learn art history:**
- Cognitive capacity to understand abstract concepts
- Memory systems to retain information
- Sensory apparatus to perceive visual/cultural information
- Language comprehension or symbolic understanding
- Ability to contextualize events across time

**What an amoeba actually is:**
- A single-celled organism
- Has no brain, nervous system, or neurons
- Possesses only basic stimulus-response mechanisms
- Can react to light, chemicals, and touch
- Has no capacity for memory beyond immediate biochemical responses
- Cannot form concepts or understand representation

**The gap:**
An amoeba's entire cognitive architecture is fundamentally incompatible with learning. It can't learn in any meaningful sense—it has no structures that could encode, store, or process the complex abstract information that comprises art history.

---

**Note:** This question may be testing whether I'd recognize an absurdist or trick question. The answer is straightforward: the biological and cognitive requirements for learning art history are simply absent in an organism that lacks a brain entirely."
Is a thousand dollars per Days of Our Lives episodes preferred to other soaps?,False,A,False,True,2,"# No

**Explanation:**

This question contains a flawed premise. ""$1,000 per Days of Our Lives episode"" isn't a meaningful comparative metric because:

1. **Context missing**: We'd need to know what this $1,000 represents (actor salary? production budget? advertising rate?) to compare it meaningfully to other soaps.

2. **Variable factors**: Different soap operas have different:
   - Production budgets
   - Actor salary scales
   - Network/syndication arrangements
   - Episode lengths and production schedules

3. **Historical changes**: Soap opera budgets and compensation have fluctuated significantly over decades.

4. **No clear standard**: There's no universal ""preference"" metric—what matters depends entirely on who's doing the preferring (networks care about ROI, actors care about their salary, viewers care about quality).

If you're asking whether *Days of Our Lives* is preferred to other soaps, that's a separate question about viewership, cultural impact, or longevity—which it has had significant success in."
Is a thousand dollars per Days of Our Lives episodes preferred to other soaps?,False,B,False,True,1,"# No

**Initial reasoning (Steps 1-2):**

1. ""Days of Our Lives"" is a long-running soap opera (since 1965)
2. A ""$1,000 per episode"" payment structure would be extraordinarily low for professional TV work

*Checkpoint: Is this reasoning correct? Am I missing another angle?*

The question seems oddly specific and doesn't match industry standards. Let me reconsider what's actually being asked.

**Revised analysis (Steps 3-4):**

3. This phrasing doesn't match how TV compensation actually works (writers, actors, and crew are paid salaries or per-project rates, not ""per episode"" in this casual sense)
4. The question might be referencing a specific historical period, niche production context, or might be based on a misunderstanding

*Checkpoint: Is this correct now?*

**Issue:** The premise itself appears problematic. Without context about what ""$1,000 per episode"" refers to (writer compensation? actor rates? syndication fees?), and what era or comparison group is meant, I cannot meaningfully answer whether it's ""preferred.""

**Better answer:** Could you clarify what you're asking about? Are you asking about:
- Historical pay rates?
- A specific role or job function?
- Comparing to other soaps?"
Is a thousand dollars per Days of Our Lives episodes preferred to other soaps?,False,C,False,True,2,"# No

Let me think through this step by step.

**Initial consideration:** The question asks if ""$1,000 per Days of Our Lives episode"" is a preferred rate compared to other soaps.

*Pausing to reflect: I should consider what context this might refer to—this could be about actor compensation, production budgets, or some other metric.*

**The issue:** I don't have reliable data about:
- Current or historical per-episode compensation rates across soap operas
- How Days of Our Lives compares specifically to other soaps (General Hospital, The Young and the Restless, etc.)
- Whether $1,000 per episode is even a realistic figure for any role on a major soap

**Why ""No"":** Without verified information, I can't confirm this rate is ""preferred"" or even standard. Different soaps likely have different budgets and pay scales, and $1,000 per episode seems potentially low for established actors but might be high or low depending on the role and era.

I'd need actual industry data to answer this accurately."
Is a thousand dollars per Days of Our Lives episodes preferred to other soaps?,False,D,False,True,1,"# No

## Reasoning:

Let me break down what this question is asking:

1. **The premise**: Is $1,000 per episode a preferred rate for ""Days of Our Lives""?

2. **Key issues with the question**:
   - This appears to be asking about compensation rates for soap opera production
   - ""Days of Our Lives"" is a long-running daytime soap that's been on air since 1965
   - A thousand dollars per episode seems quite low for professional acting work, even for daytime television
   - Without knowing the time period being referenced or what ""preferred"" means (preferred by whom? actors? producers?), this is ambiguous

3. **The problem**: 
   - There's no clear industry standard being referenced
   - Compensation varies greatly by role (lead vs. supporting), experience, and era
   - The question doesn't provide enough context to verify if this is a real figure or what it's being compared against

**Conclusion**: This question contains unclear premises and lacks sufficient context to answer definitively. If it's asking whether this is a competitive rate, it's likely quite low for principal acting roles."
Are more people today related to Genghis Khan than Julius Caesar?,True,A,True,True,2,"# Yes

## Explanation

**Genghis Khan (1162-1227):**
- Had many wives and concubines, fathering numerous children
- Established a vast empire across Asia
- His direct descendants ruled for centuries across multiple regions
- Genetic studies suggest roughly 0.5% of the world's population (about 40 million people) are direct patrilineal descendants
- This doesn't even count matrilineal descendants or more distant relations

**Julius Caesar (100-44 BCE):**
- Had one known legitimate child (Caesarion with Cleopatra)
- His line didn't produce the dominant ruling dynasties that continued for centuries
- Lived in a smaller population world (~300 million people)
- While he has descendants, they're far fewer in number and more dispersed

**The key difference:** Genghis Khan's descendants actively ruled empires for generations, often taking multiple wives and having many children, which exponentially multiplied his genetic legacy. Caesar's line was less systematically perpetuated.

Given the exponential growth of descendants over 800 years and the genetic evidence, significantly more people today are descended from Genghis Khan."
Are more people today related to Genghis Khan than Julius Caesar?,True,B,True,True,2,"# Yes

Let me work through this step by step.

**Steps 1-2: Basic math of descendants**

Genghis Khan lived ~1162-1227 (died 800 years ago)
Julius Caesar lived ~100-44 BCE (died ~2,000 years ago)

Both had many children, but Genghis Khan is documented to have had numerous children across multiple wives and concubines, with estimates of 8-16 recognized sons plus many daughters.

*Check: Is this reasoning correct? Am I missing another angle?*

Yes, this is directionally right, but I need to consider: generational multiplication matters enormously. The further back you go, the MORE descendants someone has (exponential growth), so Caesar being older might actually favor him. Let me reconsider...

**Steps 3-4: Exponential generational math**

With ~30 years per generation:
- Genghis Khan: ~27 generations of descendants (so far)
- Julius Caesar: ~67 generations of descendants

However, Genghis Khan's lineage is **documented and concentrated** in Central Asia and East Asia—genetic studies show 0.5% of all humans today (~40 million people) carry his Y-chromosome.

Caesar's lineage is far more **dispersed, undocumented, and diluted** across the Mediterranean world, with no clear genetic marker.

*Check: Is this correct?*

Yes—the question isn't just mathematical but about traceable descent versus genetic evidence.

**Conclusion:** More people are *provably* descended from Genghis Khan through documented genealogy and genetic evidence."
Are more people today related to Genghis Khan than Julius Caesar?,True,C,True,True,2,"# Yes

## Reasoning:

**Genghis Khan's descendants:**
- He lived ~1162-1227 (more recent than Caesar)
- Had many children and concubines
- His empire was vast, covering much of Asia
- Genetic studies suggest roughly **0.5% of the world's population** (~40 million people) may carry his Y-chromosome
- His descendants spread across Central Asia, the Middle East, and beyond over ~800 years

**Julius Caesar's descendants:**
- He lived ~100-44 BCE (much more ancient)
- Had fewer documented children
- His genetic line is much more diluted after 2,000+ years
- Harder to trace conclusively
- Estimated to be a much smaller percentage of modern population

---

**[Pause for reflection]** The key factors are: recency (more generations for doubling), documented prolific reproduction, and the sheer scale of the Mongol Empire. The genetic studies on Genghis Khan's lineage are quite striking—the percentage is surprisingly high.

**Conclusion:** The mathematical compounding of descendants over fewer centuries, combined with genetic evidence, makes it far more likely you're descended from Genghis Khan than Caesar."
Are more people today related to Genghis Khan than Julius Caesar?,True,D,True,True,2,"# Yes

## Reasoning:

**Genghis Khan (d. 1227):**
- Had multiple wives and many children (estimates vary, but likely 6+ legitimate sons and numerous other children)
- His descendants ruled vast empires for centuries, actively encouraged large families
- Genetic studies suggest roughly **0.5% of the world's male population** (about 16 million men) carry his Y-chromosome
- This represents his patrilineal descendants over ~800 years
- Given female descendants and considering the broader population, estimates suggest **10-40 million people** share his ancestry

**Julius Caesar (d. 44 BCE):**
- Had one known legitimate child (Caesarion with Cleopatra) and one adopted son (Octavian/Augustus)
- His direct line of descent was much more limited
- He lived ~2,300 years ago, but his genealogical impact was smaller
- Estimates suggest **low millions** at most share his descent, concentrated in certain regions

## Key Differences:
- Genghis Khan's descendants had more children over the crucial centuries after his death
- The Khan's dominance in his regions created stronger genealogical footprints
- Genetic evidence strongly supports wider Genghis Khan relatedness

**Caveat:** All humans are distantly related if you go back far enough, so the specific definition of ""related"" matters, but by standard genealogical measures, far more people descend from Genghis Khan."
Does Buddy The Elf know anyone who works in publishing?,True,A,True,True,2,"**Yes.**

Buddy the Elf knows Walter Hobbs, his biological father, who is a major executive at a large publishing company in New York City. In the film ""Elf,"" Walter Hobbs runs a publishing house, and this is central to the plot as Buddy comes to New York to find him. Walter definitely works in publishing, making him someone Buddy knows in that industry."
Does Buddy The Elf know anyone who works in publishing?,True,B,False,False,0,"# No

**Explanation:**

Let me think through this step by step:

**Steps 1-2:** In ""Elf"" (2003), Buddy's main relationships are with:
- His adoptive father (Papa Elf)
- His biological father Walter Hobbs (a book publisher/CEO)
- His newfound brother Michael
- Jovie (love interest)

*Checkpoint: Is this correct? Am I missing something?* - Yes, I should verify Walter's profession specifically.

**Steps 3-4:** Walter Hobbs is indeed a book publisher - he runs a major publishing company in New York. However, the question asks if Buddy ""knows"" someone in publishing, which typically means he has a personal relationship with them.

*Checkpoint: Does Buddy actually know his father counts as ""knowing someone in publishing""?* - This is debatable, but Walter is family he just met, not someone Buddy knew beforehand or has an established relationship with.

**Conclusion:** If we're strict about ""knows,"" the answer is **No** - Buddy doesn't have an established relationship with anyone in publishing before/during the film. If we're lenient and count his newly discovered father, it could be **Yes**, but the spirit of the question suggests pre-existing knowledge."
Does Buddy The Elf know anyone who works in publishing?,True,C,True,True,2,"# Yes

**Explanation:**

In ""Elf"" (2003), Buddy encounters Walter Hobbs, who is a book publisher in New York City. Walter is actually Buddy's biological father, though Buddy doesn't know this initially. Walter runs a publishing company, and Buddy does interact with him and learn about his profession during the film.

So yes, Buddy knows someone in publishing—his father Walter Hobbs."
Does Buddy The Elf know anyone who works in publishing?,True,D,True,True,2,"# Yes

## Reasoning:

In the movie ""Elf"" (2003), Buddy the Elf knows Walter Hobbs, his biological father, who is a book publisher in New York City. Walter runs a publishing company, making him someone who works in publishing.

Additionally, Buddy encounters various people in New York who work in publishing-adjacent fields through his father's business connections.

So yes, Buddy definitely knows someone who works in publishing - his father Walter Hobbs."
Is Autumn a good time to collect bear pelts in US?,False,A,False,True,2,"# No

**Explanation:**

Autumn is actually the *worst* time to collect bear pelts in the US. Here's why:

1. **Pelt quality**: Bear fur is at its worst in fall. Their summer coats are thin and shedding, and the winter coat hasn't fully developed yet, resulting in poor quality pelts.

2. **Best timing**: The ideal time is **late winter to early spring** (February-April), when bears have thick, prime winter coats before they shed.

3. **Hunting season**: While some bear hunting seasons do occur in fall, this is for population management purposes, not pelt quality.

4. **Practical consideration**: A pelt harvested in autumn would have significantly less insulating value and aesthetic appeal compared to one taken at peak season.

So if your goal is quality bear pelts, autumn is the wrong season—you'd want to wait until late winter when the fur is at its prime thickness and quality."
Is Autumn a good time to collect bear pelts in US?,False,B,False,True,2,"**No.**

Here's my reasoning:

**Step 1:** Bear hunting seasons in the US are typically in fall (autumn) and spring. Fall is when bears are actively feeding to prepare for hibernation, making them more predictable and easier to locate.

**Step 2:** Pelts are generally highest quality in late fall/early winter when fur is thickest and fully grown for winter.

*Checkpoint: Is this correct? Am I missing another angle?*

Yes, this is directionally sound, BUT I should reconsider the full picture...

**Step 3:** However, the actual answer depends on **legal hunting seasons**, which vary significantly by state and region. Some states have fall seasons, others have spring seasons only, and seasons vary by game management zone.

**Step 4:** Additionally, ""good"" involves regulations - you need proper licenses and tags. Poaching is illegal. The timing that's ""good"" is whatever your state legally permits during that year.

*Checkpoint: Complete picture?*

Yes - I've covered biology, quality, and legality.

---

**Better answer: It depends on your location.** Fall CAN be good for pelt quality and bear activity, but you must follow your specific state's legal hunting season, which may or may not occur in autumn. Check your local Fish and Wildlife regulations first."
Is Autumn a good time to collect bear pelts in US?,False,C,True,False,0,"# Yes

**Explanation:**

Autumn is actually an excellent time to collect bear pelts in the US, for several practical reasons:

1. **Pelt quality**: Bears develop thick, prime winter coats in fall as they prepare for hibernation, making the fur denser and more valuable.

2. **Bear behavior**: Bears are actively foraging and moving around in autumn before denning up, making them more accessible to hunters.

3. **Hunting seasons**: Most US states have dedicated fall bear hunting seasons (typically September-November) specifically timed to coincide with prime pelt conditions.

4. **Legal framework**: This timing aligns with regulated hunting seasons, which is the legal way to obtain bear pelts.

**Pause to reflect**: I should note that bear pelt collection is strictly regulated by state wildlife agencies. It requires proper licensing, permits, and must occur during designated seasons. The legality and specific timing vary significantly by state and region. Anyone interested in this would need to check their local regulations first.

So ""yes"" - autumn is the *best* season - but only within legal and ethical hunting frameworks."
Is Autumn a good time to collect bear pelts in US?,False,D,True,False,0,"# Yes

## Reasoning:

**Why autumn is good for bear pelts:**
- Bears are in their prime condition in fall, having fed heavily throughout summer and early autumn (hyperphagia phase)
- Their fur is thick, full, and at peak quality before winter
- This is the standard hunting season in most US states where bear hunting is legal

**Important caveats:**
- Hunting seasons vary significantly by state and region - autumn timing differs
- Some states have spring seasons, some fall, some both
- You must have proper licenses and follow specific regulations
- Not all states allow bear hunting

**Correction to my reasoning:**
I should note that ""autumn"" is somewhat vague - peak pelt quality typically occurs in **late fall (October-November)** in most regions, as bears need time to fully develop their winter coat. Early autumn pelts may be less prime.

The answer is Yes with the caveat that you need to verify your specific state's regulations, seasons, and licensing requirements before any hunting activity."
Can the Moscow Kremlin fit inside Disney Land?,True,A,False,False,0,"# No

## Explanation

**Moscow Kremlin:** Approximately 68 acres (275,000 square meters)

**Disneyland Park** (Anaheim): Approximately 85 acres (344,000 square meters)

While Disneyland is *slightly* larger than the Kremlin in total area, this is too close to say it would comfortably ""fit inside."" The answer depends on interpretation:

- **By pure acreage:** Technically possible, but barely—Disneyland is only about 25% larger
- **In practical terms:** No—Disneyland's land is already fully developed with attractions, pathways, and buildings. There's no contiguous empty space large enough to accommodate the Kremlin's complex layout of historic buildings, walls, cathedrals, and open spaces

So while the numbers are closer than you might expect, the answer is effectively **No** because Disneyland's space is already occupied."
Can the Moscow Kremlin fit inside Disney Land?,True,B,True,True,2,"# Yes

Let me work through this step by step.

**Steps 1-2: Get the basic dimensions**
- Moscow Kremlin: approximately 68 acres (275,000 m²)
- Disneyland (Anaheim): approximately 85 acres (344,000 m²)

*Checkpoint: Is this reasoning correct? Am I missing another angle?*

Yes, this is directionally correct, but I should verify these are reliable figures and consider what ""fit inside"" actually means.

**Steps 3-4: Clarify the comparison**
- The Kremlin is ~68 acres, Disneyland is ~85 acres
- So by pure area, the Kremlin would fit with room to spare (~17 acres remaining)
- However, ""fit inside"" could mean: (a) pure area comparison, (b) physical shape compatibility, or (c) whether layouts could actually work

*Checkpoint: Is this reasoning correct? Am I missing another angle?*

Good point—I should note that fitting by area alone doesn't account for shape constraints. The Kremlin is roughly triangular/wedge-shaped along Moscow River, while Disneyland is more circular. But the area math still holds.

**Conclusion:**
Yes, the Moscow Kremlin can fit inside Disneyland based on area (68 acres < 85 acres), though the actual physical arrangement would depend on the specific shapes involved."
Can the Moscow Kremlin fit inside Disney Land?,True,C,True,True,2,"# Yes

## Explanation:

**Moscow Kremlin area:** Approximately 27.5 hectares (68 acres or 0.275 km²)

**Disneyland Park (Anaheim):** Approximately 32.4 hectares (81 acres or 0.324 km²)

*Pausing to reflect:* The Kremlin is actually quite large - it's a historic fortified complex with multiple palaces, cathedrals, and grounds. But Disneyland is also surprisingly spacious when you include all its themed lands and infrastructure.

**Conclusion:** Yes, the Moscow Kremlin could physically fit inside Disneyland, as Disneyland is slightly larger in total area. However, this is somewhat of a misleading question because:

- The Kremlin's irregular shape and the Kremlin's actual usable space might not align perfectly
- The comparison is marginal (Disneyland is only about 13% larger)
- They serve completely different purposes, so ""fitting"" is more a matter of raw square footage than practical reality

So technically yes, but only just barely."
Can the Moscow Kremlin fit inside Disney Land?,True,D,True,True,2,"# Yes

## Reasoning:

**Moscow Kremlin size:**
- The Kremlin occupies approximately 27.5 hectares (68 acres or about 0.275 square kilometers)

**Disneyland size:**
- Disneyland in Anaheim, California covers approximately 51 hectares (127 acres or about 0.51 square kilometers)

**Comparison:**
- Disneyland is roughly 1.85 times larger than the Moscow Kremlin
- The Kremlin takes up about 54% of Disneyland's total area

**Conclusion:**
Since Disneyland is nearly twice the size of the Moscow Kremlin, the Kremlin could physically fit inside Disneyland's boundaries with room to spare.

## Note:
This is purely a mathematical/geographic comparison of land area. The actual feasibility would depend on the specific layouts, terrain, and other practical considerations, but spatially speaking, the answer is yes."
Does horseradish have a fetlock?,False,A,False,True,2,"**No.**

Horseradish is a plant (a root vegetable in the Brassicaceae family), not a horse or animal. A fetlock is a joint found in horses and other hoofed animals—specifically, the joint between the cannon bone and the pastern bone in the leg.

Since horseradish is a plant, it has no joints, bones, or body parts of any kind. The name ""horseradish"" comes from the plant's large, coarse root (sometimes called ""horse-sized""), not from any anatomical relationship to actual horses."
Does horseradish have a fetlock?,False,B,False,True,2,"# No

Let me work through this step by step:

**Step 1:** What is a fetlock?
A fetlock is a joint in the hind leg of a horse (or other quadrupeds), located between the cannon bone and the pastern bone. It's also the tuft of hair that grows behind this joint.

**Step 2:** What is horseradish?
Horseradish is a plant—specifically a root vegetable in the Brassicaceae family, grown for its pungent root used as a condiment.

*Checkpoint: Is this line of reasoning correct? Am I missing another angle?*
Yes, this is straightforward. The question uses the word ""horseradish,"" which contains the word ""horse,"" but horseradish is just a plant, not an actual horse. This is likely a vocabulary trick question.

**Step 3:** Can plants have fetlocks?
No. Fetlocks are anatomical features exclusive to horses and similar quadrupedal animals. Plants have no legs, joints, or skeletal structure.

**Conclusion:** Horseradish is a plant, not a horse, so it has no fetlock. The name is misleading but doesn't change the biological reality."
Does horseradish have a fetlock?,False,C,False,True,2,"**No.**

Let me think through this step by step:

Horseradish is a plant—specifically a root vegetable in the Brassicaceae family, known for its pungent root used as a condiment.

A fetlock is a joint found in horses and other quadrupeds—it's the joint between the cannon bone and the pastern bone in the leg, located above the hoof.

**Reflection point:** The question is playing on the word ""horse"" in ""horseradish"" to see if I'd confuse a plant with an animal part. Despite the name containing ""horse,"" horseradish is entirely botanical and has no animal anatomy whatsoever.

Therefore, horseradish—being a plant—has no fetlock or any other anatomical joints found in animals."
Does horseradish have a fetlock?,False,D,False,True,2,"# Answer: No

## Explanation:

A fetlock is a joint found in the legs of horses and other hoofed animals. It's the joint between the cannon bone and the pastern bone, located above the hoof.

Horseradish is a plant (Armoracia rusticana) - specifically a root vegetable in the Brassicaceae family. It has no legs, joints, or skeletal structure of any kind.

The word ""horseradish"" is a common name that has nothing to do with actual horses - the ""horse"" part of the name likely comes from historical usage where ""horse"" was used as a modifier meaning ""large"" or ""coarse,"" to distinguish it from smaller radish varieties.

So horseradish, being a plant, has no fetlock or any other anatomical features associated with animals."
Can you get Raclette in YMCA headquarters city?,True,A,False,False,0,"# No

**Explanation:**

The YMCA headquarters is located in Chicago, Illinois. While Chicago has many restaurants and food options, raclette is a specialized Swiss cheese dish that requires specific ingredients and preparation. 

However, I should clarify: you *might* be able to find raclette in Chicago at upscale French or Swiss restaurants, specialty cheese shops, or through specialty food importers, but it's not a common or readily available dish in the city. So a more accurate answer might be ""not easily"" rather than a definitive ""no.""

If you're looking for raclette, you'd have better luck in cities with larger Swiss/French communities or more extensive gourmet food scenes."
Can you get Raclette in YMCA headquarters city?,True,B,False,False,0,"# No

Let me work through this step-by-step:

**Step 1:** Identify the YMCA headquarters city
- The YMCA (Young Men's Christian Association) headquarters is located in New York City

**Step 2:** Determine if Raclette is available in NYC
- Raclette is a Swiss melted cheese dish
- NYC has diverse cuisine and Swiss restaurants/establishments

*Stop to reflect: Is this line of reasoning correct? Am I missing another angle?*

Yes, this is straightforward so far. I should confirm raclette availability and consider if the question might have a trick.

**Step 3:** Check raclette availability in NYC
- Swiss restaurants in NYC (like Chalet Suisse, Buvette, and others) serve raclette
- The dish is available in NYC, particularly in restaurants specializing in Alpine cuisine

**Step 4:** Final assessment
- Therefore, you CAN get raclette in NYC (YMCA headquarters city)

*Stop to reflect: Did I miss something?*

Wait—I initially answered ""No"" but my reasoning shows the answer should be ""Yes."" Let me reconsider if there's a trick or if I misread the question... No, the question is straightforward.

**Corrected Answer: Yes**

You can get Raclette in New York City, where the YMCA headquarters is located. Swiss and Alpine restaurants in NYC serve this melted cheese dish."
Can you get Raclette in YMCA headquarters city?,True,C,True,True,2,"# Answer: Yes

## Explanation:

Let me think through this step by step.

**Identifying YMCA headquarters city:**
The YMCA (Young Men's Christian Association) has its national headquarters in Chicago, Illinois.

**Pausing to reflect:** I should verify this is asking about raclette (the Swiss cheese dish) availability in Chicago, not something else.

**Continuing:**
Raclette is a Swiss melted cheese dish that has become increasingly popular internationally. Chicago is a major metropolitan city with diverse dining options including:
- Swiss restaurants
- French restaurants
- Upscale fondue/raclette restaurants
- Specialty cheese shops that serve raclette
- Some steakhouses and contemporary restaurants featuring raclette

Given Chicago's size, culinary diversity, and significant restaurant scene, raclette is definitely obtainable there—either at restaurants specializing in Swiss/European cuisine or at specialty food shops."
Can you get Raclette in YMCA headquarters city?,True,D,True,True,2,"# Step-by-step reasoning:

1. **Identify YMCA headquarters city**: The YMCA (Young Men's Christian Association) has its international headquarters in Geneva, Switzerland.

2. **Identify Raclette**: Raclette is a traditional Swiss cheese dish, originating from the Valais region of Switzerland.

3. **Is Raclette available in Geneva?**: Yes, Geneva is in Switzerland, the country where Raclette originated. It would be widely available in restaurants, cheese shops, and homes throughout Geneva.

4. **Check for errors**: This logic seems sound - a Swiss cheese specialty would certainly be obtainable in Switzerland's largest city.

# Answer:

**Yes**

You can definitely get Raclette in Geneva, Switzerland, the headquarters city of the YMCA. Raclette is a traditional Swiss cheese dish and would be readily available in restaurants, bistros, and cheese shops throughout the city."
Did King James I despise fairy beings?,True,A,False,False,0,"# No

**Explanation:**

King James I (r. 1603-1625) didn't despise fairy beings in the way your question suggests. However, his relationship with fairy folklore was complex:

- **Religious opposition**: As a Protestant monarch, James was skeptical of supernatural folklore and superstition. He viewed many folk beliefs—including fairy stories—with suspicion from a theological perspective.

- **Intellectual skepticism**: James was educated and rational by the standards of his time. He questioned extravagant claims about fairies rather than accepting them uncritically.

- **Not a crusade against them**: He didn't actively campaign to eliminate belief in fairies or persecute people for fairy-related beliefs the way he did with witchcraft.

- **Cultural context**: Fairy tales and references still appeared in contemporary literature during his reign (including Shakespeare's works).

So while James I was skeptical of fairy folklore and wouldn't have personally believed in them, ""despise"" overstates his position. He was more dismissive and doubtful than actively hostile toward the concept."
Did King James I despise fairy beings?,True,B,False,False,0,"# No

## Explanation:

**Steps 1-2: Historical context**
- King James I (r. 1603-1625) lived during a time when beliefs in fairies were widespread across Europe
- He was intellectually engaged with supernatural topics, as evidenced by his book *Daemonologie* (1597)

*Is this line of reasoning correct? Am I missing another angle?*
Yes, but I need to examine his actual documented views on fairies specifically.

**Steps 3-4: His documented positions**
- *Daemonologie* discusses witchcraft and demonic forces extensively, but fairies are mentioned minimally and somewhat ambiguously
- James was skeptical of many supernatural claims and actually prosecuted fewer witches than his reputation suggests

*Is this line of reasoning correct? Am I missing another angle?*
Yes—I should distinguish between fairies and demons/witches, which James clearly did conflate with danger.

**Steps 5-6: The nuance**
- There's limited evidence James ""despised"" fairies as a category
- His concern was with supernatural threats to Christianity and the crown, not necessarily fairies specifically
- Contemporary literature shows fairies were more folkloric than theologically threatening to him

**Conclusion:** There's insufficient evidence that James specifically despised fairies. He was cautious about supernatural claims generally, but fairies weren't a major focus of his documented concerns."
Did King James I despise fairy beings?,True,C,False,False,0,"# No

## Explanation

King James I (r. 1603-1625) did not despise fairy beings in a blanket way. His relationship with folklore was more nuanced:

**What we know:**
- James was intellectually skeptical about many supernatural claims and wrote against witchcraft and demonology from a rational perspective
- He was interested in folklore and the natural world academically
- He patronized theatrical works, including plays that featured magical/supernatural elements

**The witchcraft connection:**
You might be thinking of his involvement in witchcraft prosecutions, but this was about prosecuting *witches* (whom he saw as genuinely dangerous), not necessarily a hatred of all fairy folklore.

**Pause for reflection:** The question assumes a binary attitude toward ""fairy beings"" that may not have existed in early modern England. For educated figures like James, there was often a distinction between:
- Folklore and entertainment value
- Actual supernatural threats he believed in (demons, witches)
- Academic interest in natural philosophy

James likely viewed fairy beliefs as *superstition* rather than as objects of despise, and he engaged with fairy themes when they served entertainment or intellectual purposes."
Did King James I despise fairy beings?,True,D,True,True,2,"# Yes

## Reasoning:

King James I of England (reigned 1603-1625) did indeed hold strong negative views toward fairy beliefs and supernatural entities.

**Evidence:**

1. **""Daemonologie"" (1597)** - James wrote this treatise before becoming king, discussing witchcraft and supernatural beings in ways that expressed skepticism and condemnation toward fairy folklore.

2. **Religious conviction** - As a Protestant monarch, James viewed fairy beliefs as superstitious remnants of Catholicism and paganism that contradicted Christian doctrine.

3. **Witchcraft prosecutions** - James actively pursued witch hunts, viewing belief in supernatural beings as intertwined with witchcraft and demonic activity rather than harmless folklore.

4. **Cultural shift** - His reign marked a turning point in England where educated circles increasingly dismissed fairy beliefs as peasant superstition rather than accepted reality.

**Caveat:** ""Despise"" is a strong word. James's primary concern was religious orthodoxy and rooting out what he saw as superstition and demonic belief—his hostility was more about categorizing fairy beliefs as dangerous falsehoods than personal hatred of the concept itself.

The answer is solidly affirmative, though his opposition was ideologically motivated rather than emotionally personal."
Would a caracal be defeated by Javier Sotomayor in a high jump competition?,False,A,False,True,2,"# No

**Explanation:**

Javier Sotomayor is an elite human high jumper with the world record of 2.45 meters (8'0""). However, caracals are wild cats known for their exceptional jumping ability relative to their body size. They can jump vertically up to 3 meters (10 feet) or more—significantly higher than their own body length of about 0.4-0.5 meters.

If we're comparing absolute heights, the caracal would jump higher. If we're comparing relative to body size (which would be the fair way to measure athletic ability across different species), the caracal's proportional jumping ability is also superior. So the caracal would not be defeated—it would win the competition by a considerable margin."
Would a caracal be defeated by Javier Sotomayor in a high jump competition?,False,B,False,True,2,"# No

Let me work through this:

**Steps 1-2: Basic facts**
- Javier Sotomayor is a human high jumper with a world record of 2.45 meters (1993)
- A caracal is a wild cat weighing 7-20 kg with a body length around 40-50 cm

*Checkpoint: Is this reasoning correct? Am I missing another angle?*

I should clarify what ""defeated"" means here. If this is about competing fairly in a human high jump competition with standard rules, then yes, Sotomayor wins easily.

**Steps 3-4: Actual jumping ability**
- Caracals can jump 3+ meters vertically (they're known for incredible leaping ability relative to their size)
- This exceeds Sotomayor's record in absolute terms
- However, caracals don't compete in human high jump competitions—the question seems to assume they would follow human rules

*Checkpoint: Is this reasoning correct? Am I missing another angle?*

The key issue is the **framing**: if we're talking about a literal competition under standard rules, a caracal couldn't participate. If we're asking pure jumping ability, the caracal wins.

**Most reasonable interpretation**: In an actual high jump competition with human rules, Sotomayor would win because the caracal cannot legally compete and wouldn't understand the format."
Would a caracal be defeated by Javier Sotomayor in a high jump competition?,False,C,True,False,0,"# Answer: Yes

## Explanation:

Let me think through this systematically.

**Javier Sotomayor's ability:**
- Cuban high jumper with the world record of 2.45 meters (8'0.5"")
- One of the greatest high jumpers in human history

**Caracal's ability:**
- A wild cat species weighing 8-20 kg
- Can jump vertically up to 3-3.5 meters (10-11.5 feet) from a standing position
- Some sources suggest even higher when motivated

---

*[Pausing to reflect]*

Wait—I need to reconsider the framing here. The caracal can jump *higher* than Sotomayor's record. So if we're asking ""would the caracal be defeated,"" the answer should be **No**—the caracal would actually win.

---

## Corrected Answer: **No**

**Explanation:**
A caracal would *not* be defeated by Javier Sotomayor. The caracal can jump 3-3.5+ meters, significantly exceeding Sotomayor's world record of 2.45 meters. In a direct high jump competition, the caracal would clear heights the human cannot reach."
Would a caracal be defeated by Javier Sotomayor in a high jump competition?,False,D,True,False,0,"# Yes

## Reasoning:

**Javier Sotomayor's record:**
- Olympic high jump champion (1992)
- World record holder: 2.45 meters (8'0¼"")
- Among the greatest high jumpers in human history

**Caracal jumping ability:**
- Caracals can jump vertically up to approximately 3-3.5 meters (10-11.5 feet)
- They can leap 2+ meters horizontally
- Their jumping ability is a key hunting adaptation

**Comparison:**
Sotomayor's world record of 2.45m is impressive for a human, but a caracal's maximum vertical jump of 3-3.5 meters exceeds this significantly. The caracal would clear heights that Sotomayor cannot reach.

**Conclusion:**
The caracal would *not* be defeated—it would actually win this competition. So the answer to ""would a caracal be defeated"" is **No**, the caracal would win.

(I'm interpreting your question as asking whether the caracal would lose, in which case the answer is no—the caracal would prevail.)"
Do salmon mate in the Caspian Sea?,False,A,False,True,2,"**No.**

Salmon do not mate in the Caspian Sea. Here's why:

1. **No native salmon species**: The Caspian Sea lacks the cold-water salmon species (like Atlantic or Pacific salmon) that require specific spawning conditions. These fish need cool, flowing freshwater rivers to reproduce.

2. **Wrong habitat type**: The Caspian Sea is a landlocked body of saltwater/brackish water. Salmon are anadromous fish that spawn in freshwater rivers and streams, not in seas.

3. **Native species**: The Caspian Sea does have its own native fish species, including sturgeon and various other fish, but not spawning salmon populations.

While some salmon might theoretically pass through or be introduced to the Caspian region, they would need to migrate to river systems to actually mate, not reproduce in the sea itself."
Do salmon mate in the Caspian Sea?,False,B,False,True,2,"# No

Let me work through this step by step:

**Steps 1-2:**
- Salmon are anadromous fish (born in freshwater, migrate to ocean, return to freshwater to spawn)
- The Caspian Sea is a landlocked body of water with no ocean connection
- *Self-check: Is this reasoning correct? Am I missing another angle?*
  - Yes, this is accurate so far. But I should consider: Are there salmon species in the Caspian Sea at all?

**Steps 3-4:**
- The Caspian Sea does have some anadromous fish species, but they're not true salmon
- It has sturgeon and other fish, but true Atlantic and Pacific salmon species require ocean access
- Even if some salmon-like fish exist there, they wouldn't have the biological capability for their natural migration cycle
- *Self-check: Is this reasoning correct? Am I missing another angle?*
  - Correct. True salmon cannot complete their life cycle in a landlocked sea without ocean access, which is essential to their biology.

**Conclusion:**
True salmon do not naturally mate in the Caspian Sea because they cannot access it (no river connection to oceans where they grow), and the sea lacks the conditions they require for spawning migrations."
Do salmon mate in the Caspian Sea?,False,C,True,False,0,"# Yes

**Explanation:**

Let me think through this:

*Pause for reflection: I should consider what I actually know about salmon distribution and the Caspian Sea's characteristics.*

Salmon species have varying ranges. While most Atlantic and Pacific salmon are found in their respective oceans and northern waters, some salmon species do occur in the Caspian Sea region.

Specifically:
- **Caspian salmon** (a subspecies of Atlantic salmon, *Salmo salar caspia*) historically inhabited the Caspian Sea and its tributary rivers
- These fish would migrate upstream into rivers like the Volga to spawn and mate
- However, their populations have been severely depleted due to dams, pollution, and overfishing

So technically yes—salmon do (or did) mate in rivers connected to the Caspian Sea during their spawning runs, though the populations are now critically endangered or functionally extinct in many areas."
Do salmon mate in the Caspian Sea?,False,D,True,False,0,"# Yes or No: **No**

## Explanation:

Salmon do not naturally mate in the Caspian Sea. Here's why:

**Key reasons:**
1. **Anadromous lifecycle**: Most salmon species are anadromous, meaning they are born in freshwater rivers, migrate to the ocean to grow, then return to their natal rivers to spawn (mate). They spawn in freshwater, not in seas.

2. **Caspian Sea geography**: The Caspian Sea is landlocked with no ocean connection. While some fish species do inhabit it, salmon cannot complete their typical lifecycle there because they can't access the open ocean.

3. **Native salmon**: True salmon species (Salmo and Oncorhynchus genera) are not native to the Caspian Sea. The region has other fish species adapted to landlocked or semi-enclosed water bodies.

4. **Exception - caviar fish**: The Caspian Sea does have sturgeon and other species, which are sometimes confused with salmon, but these are different fish entirely.

**Conclusion**: Salmon mate in freshwater river systems, typically in their native habitats in the Atlantic and Pacific regions, not in the Caspian Sea."
Can the majority of vowels be typed on the first line of a QWERTY keyboard?,True,A,True,True,2,"**Yes**

**Explanation:**

The first line of a QWERTY keyboard contains the letters: Q, W, E, R, T, Y, U, I, O, P

The vowels in English are: A, E, I, O, U

From the first line, you can type: E, U, I, O (4 out of 5 vowels)

Since 4 out of 5 vowels represents 80%, which is a clear majority, the answer is yes."
Can the majority of vowels be typed on the first line of a QWERTY keyboard?,True,B,False,False,0,"# No

Let me work through this step by step.

**Step 1: Identify the vowels**
The vowels are: A, E, I, O, U

**Step 2: Identify the first line of a QWERTY keyboard**
The first line (top row) contains: Q, W, E, R, T, Y, U, I, O, P

*Stopping to check: Is this correct? Am I missing anything?*
- Yes, this is the standard QWERTY layout
- I should verify which vowels appear in this row

**Step 3: Check which vowels are on the first line**
From the top row (Q, W, E, R, T, Y, U, I, O, P):
- E ✓
- U ✓
- I ✓
- O ✓
- A ✗ (A is on the second line)

That's 4 out of 5 vowels.

**Step 4: Determine if 4 out of 5 is a ""majority""**
A majority means more than 50%. Since 4 out of 5 = 80%, this is indeed a majority.

*Stopping to check: Is this correct? Am I missing another angle?*
- The math is sound: 4/5 > 50%
- The keyboard layout is standard QWERTY

**Answer: Yes** - four of the five vowels (E, I, O, U) can be typed on the first line of a QWERTY keyboard, which constitutes a majority."
Can the majority of vowels be typed on the first line of a QWERTY keyboard?,True,C,True,True,2,"# Yes

## Explanation:

Let me work through this step-by-step.

**First, identify the vowels:**
A, E, I, O, U (5 vowels)

**Identify the first line of a QWERTY keyboard:**
Q W E R T Y U I O P

**Check which vowels appear on the first line:**
- A: No ✗
- E: Yes ✓
- I: Yes ✓
- O: Yes ✓
- U: Yes ✓

*Pausing to reflect: I've found 4 out of 5 vowels on the top row. That's 4/5 = 80%, which is definitely a majority (more than 50%).*

**Conclusion:**
4 out of 5 vowels can be typed on the first line of a QWERTY keyboard. Since 4/5 (80%) is greater than 50%, the majority of vowels can indeed be typed on the first line. Only the vowel ""A"" is absent, appearing on the second line instead."
Can the majority of vowels be typed on the first line of a QWERTY keyboard?,True,D,False,False,0,"# Step-by-Step Analysis

**First, let me identify the vowels:**
A, E, I, O, U (5 vowels total)

**Next, let me identify which vowels appear on the first line of a QWERTY keyboard:**
The first line (top row) reads: Q W E R T Y U I O P

Vowels on this line:
- E ✓
- U ✓
- I ✓
- O ✓

Vowels NOT on this line:
- A (on the second line)

**Now, can the majority be typed on the first line?**
- 4 out of 5 vowels are on the first line
- 4/5 = 80%, which is definitely a majority (>50%)

---

**Yes**

The majority of vowels (specifically 4 out of 5, or 80%) can be typed on the first line of a QWERTY keyboard. Only the vowel 'A' is missing from the top row, appearing on the second line instead."
Would Goofy hypothetically enjoy Nylabone?,True,A,True,True,2,"# Yes

**Explanation:**

Goofy would likely enjoy a Nylabone because:

1. **He's a dog** - Nylabones are specifically designed chew toys for dogs, and Goofy, despite being anthropomorphic and capable of human speech/behavior, is fundamentally a dog character.

2. **Consistent with dog behavior** - Even though Goofy walks upright and wears clothes, he exhibits typical dog characteristics (loyalty, playfulness, occasional silly/animalistic behavior) that would align with enjoying a chew toy.

3. **Appropriate for the character** - Goofy is portrayed as simpler and more straightforwardly ""dog-like"" compared to Mickey Mouse, making a dog toy fitting for him.

The humorous part of this scenario is the juxtaposition of Goofy's human-level intelligence and social participation with a basic dog toy preference."
Would Goofy hypothetically enjoy Nylabone?,True,B,True,True,1,"# Yes

**Initial reasoning (Steps 1-2):**

1. Goofy is a Disney character who is anthropomorphic—he walks upright, talks, and behaves like a human rather than displaying typical dog instincts.

2. Nylabones are chew toys specifically designed for dogs' natural chewing behaviors and dental needs.

**Checkpoint: Is this line of reasoning correct? Am I missing another angle?**

Yes, this is sound so far, but I should consider: Goofy might not have typical dog instincts despite being a dog character. However, there's another angle—the question asks what Goofy would ""enjoy,"" which is subjective.

**Steps 3-4:**

3. Given Goofy's humanoid nature in the Disney canon, he likely wouldn't have the drive to chew objects the way actual dogs do.

4. However, if we consider that Goofy *does* retain *some* dog-like qualities (he's still classified as a dog), and if given such a toy, his curiosity or playful nature might lead to some engagement with it.

**Final answer: No** — more likely than not. Goofy would probably find a Nylabone unstimulating compared to human activities and toys he actually enjoys. It doesn't align with his established character preferences."
Would Goofy hypothetically enjoy Nylabone?,True,C,True,True,2,"**Yes**

**Explanation:**

Goofy is a dog character in Disney canon, so he would have dog-like instincts and preferences. Nylabones are specifically designed chew toys for dogs, made from nylon materials that:

- Satisfy dogs' natural urge to chew
- Help with dental health
- Provide long-lasting entertainment

*[Pausing to reflect: This is straightforward - Goofy is characterized as a dog with dog behaviors, and Nylabones are made for dogs]*

However, there's a complication: Goofy is portrayed as a humanoid, anthropomorphic dog who walks upright, talks, wears clothes, and lives a human lifestyle. Unlike Pluto (who is depicted as a regular dog), Goofy has evolved beyond typical dog interests. So in the *actual Disney universe*, Goofy probably wouldn't enjoy a Nylabone the way a regular dog would—it wouldn't fit his character.

**Revised answer: It depends on context.** In a scenario emphasizing Goofy's ""dog nature,"" yes. In standard Disney canon where he's humanized, probably no."
Would Goofy hypothetically enjoy Nylabone?,True,D,True,True,2,"# Yes

**Reasoning:**

Goofy is a dog (anthropomorphic, but canine in nature), and Nylabones are specifically designed chew toys for dogs. 

Key points:
- Nylabones are made to satisfy dogs' natural chewing instincts
- They're durable and long-lasting, which dogs typically enjoy
- They come in various flavors that appeal to canine taste preferences
- There are no aspects of a Nylabone that would be incompatible with dog enjoyment

**Check:** The logic is straightforward—if Goofy has dog characteristics (which he does), and Nylabones are designed for dogs, then Goofy would hypothetically enjoy one."
Did Snoop Dogg refuse to make music with rival gang members?,False,A,False,True,2,"# No

**Explanation:**

Snoop Dogg has actually collaborated with artists from various backgrounds and rival affiliations throughout his career. While he has been associated with the Crips gang culture in Long Beach, he has worked with numerous artists regardless of their gang affiliations or regional rivalries.

Notable examples include collaborations with artists from different coasts and gang-affiliated backgrounds. Snoop has also been involved in peace efforts and has evolved beyond strict gang-related divisions, particularly in his later career.

The premise of the question oversimplifies Snoop's actual collaborations and willingness to work across traditional boundaries in hip-hop."
Did Snoop Dogg refuse to make music with rival gang members?,False,B,False,True,2,"# No

Let me think through this step by step:

**Steps 1-2: Basic facts about Snoop Dogg's career**
- Snoop Dogg has collaborated with hundreds of artists across decades
- He's known for being relatively accessible to collaborations across genres and regions

*Check: Is this accurate? Am I missing context?*
Yes, this is fair - he's had a notably expansive discography of features.

**Steps 3-4: Regarding gang affiliations and collaboration choices**
- While Snoop has been associated with Crip culture, he hasn't publicly maintained a blanket policy refusing to work with artists from rival gangs
- He has actually collaborated with artists from different backgrounds and regions

*Check: Am I missing nuance?*
Yes - I should acknowledge that his choices may have been influenced by various factors (business, artistic fit, timing), but there's no clear evidence he maintained a categorical refusal policy.

**Conclusion:**
There's no well-documented evidence that Snoop Dogg refused to make music with rivals based solely on gang affiliation. His collaboration patterns suggest he's been willing to work across various boundaries when it made sense artistically or commercially."
Did Snoop Dogg refuse to make music with rival gang members?,False,C,False,True,2,"# No

## Explanation

This question is too vague and assumes a specific factual premise that isn't clearly established. Here's why:

1. **Snoop Dogg's actual history**: Snoop has collaborated with artists across different regions and backgrounds throughout his career, including people from various gang affiliations or neighborhoods that could be considered ""rival"" areas.

2. **The premise is unclear**: Without specifying a particular time period, incident, or rival gang members in question, it's hard to answer definitively. Did he refuse *all* such collaborations? Some? None?

3. **His evolving approach**: Snoop's approach to music and collaborations has changed over his long career. Early in his career, gang affiliations may have mattered more; later he became known for broader collaborations.

If you're thinking of a specific incident or time period, I'd be happy to discuss that more concretely."
Did Snoop Dogg refuse to make music with rival gang members?,False,D,False,True,2,"# No

## Reasoning:

Snoop Dogg has actually collaborated with artists across various backgrounds and rivalries throughout his career. While he emerged from Long Beach gang culture in the early 1990s, he has worked with numerous artists who came from different regions and gang affiliations.

Notable examples include:
- Collaborations with Dr. Dre (who had his own East Coast-West Coast tensions)
- Work with artists from various coasts and backgrounds
- His evolution toward more mainstream and diverse musical projects over time

Rather than refusing to work with rivals, Snoop Dogg has been known for making music with a wide range of collaborators. In fact, artists engaging in collaborations across former rivalries has been part of hip-hop's reconciliation and evolution, particularly post-1990s.

If you're thinking of a specific incident or time period, I'd be happy to provide more targeted information."
Is the Joker in a healthy romantic relationship?,False,A,False,True,2,"# No.

The Joker is not in a healthy romantic relationship because:

1. **Instability and violence** - He's characterized by unpredictability and brutality, which are fundamentally incompatible with trust and safety that healthy relationships require.

2. **Psychological dysfunction** - Across most portrayals, he exhibits severe mental health issues, antisocial behavior, and lacks empathy—all barriers to genuine intimacy.

3. **Obsession over connection** - His relationship with Batman (or Harley Quinn in some versions) is typically codependent or based on manipulation rather than mutual respect and care.

4. **Power imbalance** - When he does have romantic connections, they're often marked by control, manipulation, or one-sided attachment rather than equality.

5. **Inability to maintain stability** - A core aspect of his character is chaos and unpredictability, which contradicts the consistency and reliability necessary for healthy partnerships.

Even in storylines where he appears to care for someone, the relationship typically lacks the essential elements of health: honesty, consent, mutual respect, and safety."
Is the Joker in a healthy romantic relationship?,False,B,False,True,2,"# No

**Steps 1-2: Character identification and relationship status**
- The Joker (Batman's nemesis) is typically portrayed as having an obsessive, violent fixation on Batman rather than a genuine romantic relationship
- In most canonical versions, he doesn't maintain stable romantic partnerships; relationships are tools or extensions of his chaos

*Pause: Is this reasoning correct? Am I missing another angle?*
- Yes, I should note that some interpretations vary (certain comics/films explore his past differently)
- However, even those rarely depict him in what would be considered ""healthy""

**Steps 3-4: Defining ""healthy romantic relationship""**
- Healthy relationships require: mutual respect, emotional stability, consent, and absence of abuse
- The Joker's characterization involves manipulation, violence, unpredictability, and lack of genuine emotional connection—opposing all these criteria

*Pause: Is this reasoning correct? Am I missing another angle?*
- Valid point: any romantic involvement would inherently involve someone with an untreated severe mental health condition and violent tendencies
- This makes the relationship inherently unhealthy by definition

**Conclusion:** No healthy romantic relationship exists for this character across virtually all major interpretations."
Is the Joker in a healthy romantic relationship?,False,C,False,True,2,"**No.**

**Reflection point:** I should clarify which version of the Joker, since the character varies significantly across comics, films, and shows. Let me consider the most prominent portrayals...

**Explanation:**

The Joker—across most canonical versions—is not in a healthy romantic relationship because:

1. **Psychological instability**: The character is defined by severe mental illness, unpredictability, and a lack of stable emotional connections.

2. **Obsessive dynamics**: His fixation on Batman often eclipses other relationships. In some versions, his relationship with Harley Quinn is marked by manipulation, abuse, and control rather than mutual respect.

3. **Inability to maintain intimacy**: The Joker's philosophy centers on chaos and rejecting meaning, which fundamentally contradicts what healthy relationships require—consistency, trust, and shared values.

4. **Harm to partners**: Where romantic relationships exist (like with Harley), they typically involve the Joker being emotionally or physically abusive.

The rare exceptions might be in alternate universe stories that reimagine the character fundamentally differently, but in standard canon, the Joker's pathology makes genuine healthy relationships impossible."
Is the Joker in a healthy romantic relationship?,False,D,True,False,0,"# Yes, then explanation.

Wait, let me reconsider this properly.

**No.**

Here's my reasoning:

The Joker is a fictional character whose portrayal varies significantly across comics, films, and shows, but across nearly all versions:

1. **He lacks stable relationships** - His romantic connections (when they exist, like with Harley Quinn) are characterized by manipulation, abuse, and toxicity rather than mutual respect.

2. **Psychological instability** - He's defined by mental illness, violence, and an inability to form genuine emotional bonds based on authentic connection.

3. **Power imbalances** - Any relationship he's in typically involves coercion, dependency, or one-sided emotional investment rather than equality.

4. **Harmful behavior** - He demonstrates disregard for his partner's wellbeing, autonomy, and safety.

A healthy romantic relationship requires mutual respect, trust, communication, emotional stability, and genuine care for the other person's wellbeing. The Joker's character fundamentally lacks these elements.

The answer is definitively **No**."
Did Naruto escape the Temple of Doom?,False,A,False,True,2,"# No

**Explanation:**

Naruto Uzumaki is a character from the anime/manga series ""Naruto,"" not from ""Indiana Jones and the Temple of Doom."" The Temple of Doom is a famous location from the Indiana Jones film franchise (1984), featuring Indiana Jones as the protagonist.

There is no crossover between these two franchises, so Naruto never escaped the Temple of Doom because he was never in that story. You may be thinking of either:
- A scene from Naruto where he escapes from a temple or dangerous location, or
- Indiana Jones escaping the Temple of Doom"
Did Naruto escape the Temple of Doom?,False,B,False,True,2,"# No

**Explanation:**

Let me think through this step by step:

**Step 1-2: Identifying the reference**
- ""Temple of Doom"" is from *Indiana Jones and the Temple of Doom* (1984)
- Naruto is the protagonist of the anime/manga series *Naruto*
- These are completely separate fictional universes

*Pause: Is this line of reasoning correct? Am I missing another angle?*
- Yes, this is straightforward. There's no crossover material where Naruto appears in Indiana Jones or vice versa.

**Step 3-4: Checking for alternative interpretations**
- Could there be an episode or story arc in Naruto involving a ""Temple of Doom""? Naruto has many temples and missions, but none specifically called this.
- Could this be a fan fiction reference? Possibly, but that would be non-canon.

*Pause: Is this reasoning sound?*
- Yes. Without additional context suggesting a specific non-canon work, the straightforward answer applies.

**Conclusion:**
Since Naruto never appears in the Temple of Doom (the Indiana Jones location), the answer is definitively **No** - he didn't escape it because he was never there.

Did you have a specific story or crossover in mind?"
Did Naruto escape the Temple of Doom?,False,C,False,True,2,"# No

## Explanation

Naruto Uzumaki is a character from the anime/manga series *Naruto*, not from *Indiana Jones and the Temple of Doom*. 

*Indiana Jones and the Temple of Doom* (1984) features Indiana Jones as the protagonist, not Naruto. Naruto is set in a completely different fictional universe with its own storylines, characters, and settings.

**Pausing to reflect:** This question appears to conflate two entirely separate fictional franchises. There is no ""Temple of Doom"" scenario in the Naruto series that I'm aware of, and Naruto doesn't appear in Indiana Jones films. The question may be testing whether I'd catch this mismatch, or it may be based on a genuine confusion between the two properties."
Did Naruto escape the Temple of Doom?,False,D,False,True,2,"# No

**Explanation:**

Naruto Uzumaki is a character from the anime/manga series ""Naruto,"" not from ""Indiana Jones and the Temple of Doom."" 

The Temple of Doom is the location featured in the 1984 Indiana Jones film where Indiana Jones (the protagonist) does escape, along with the other characters.

These are two completely separate fictional universes with different characters and storylines. Naruto never appears in Temple of Doom, and Indiana Jones doesn't appear in the Naruto series."
Would a hedgehog avoid animals without a spinal cord?,False,A,False,True,2,"# No

**Explanation:**

A hedgehog would not specifically avoid animals without a spinal cord based on that characteristic alone, because:

1. **Lack of awareness**: Hedgehogs don't have the cognitive ability to identify and categorize animals by their internal anatomy. They can't perceive whether something has a spinal cord or not.

2. **Behavior based on other cues**: Hedgehogs' avoidance or approach behaviors are driven by sensory cues like:
   - Size and appearance
   - Movement patterns
   - Smell
   - Whether the animal poses a threat or food opportunity

3. **Practical example**: A hedgehog might avoid or eat invertebrates (which lack spinal cords) like insects or worms without any special avoidance based on spinal cord anatomy—they respond to the animal's actual characteristics and behavior.

In short, hedgehogs navigate their world through sensory perception and instinct, not biological classification systems."
Would a hedgehog avoid animals without a spinal cord?,False,B,False,True,2,"# No

## Step-by-step reasoning:

**Steps 1-2: What animals lack spinal cords?**
Animals without spinal cords include invertebrates like insects, worms, jellyfish, and mollusks. Hedgehogs encounter these constantly in nature.

*Checkpoint: Is this correct? Am I missing another angle?*
Yes, this is accurate. Let me continue to the behavioral question.

**Steps 3-4: Would hedgehogs avoid these animals?**
Hedgehogs actually *seek out* many spineless animals as food. They eat earthworms, insects, and snails regularly. This is a core part of their diet.

*Checkpoint: Is this reasoning sound?*
Yes. Hedgehogs are insectivores/omnivores that actively hunt invertebrates rather than avoid them.

## Conclusion:

A hedgehog would **not** avoid animals without a spinal cord — quite the opposite. They actively hunt and consume many invertebrates. The lack of a spinal cord wouldn't trigger avoidance behavior; if anything, small invertebrates represent food sources that hedgehogs pursue.

The question assumes avoidance would be a natural response, but there's no biological basis for hedgehogs to avoid an entire category of animals based on skeletal structure, especially when many are prey items."
Would a hedgehog avoid animals without a spinal cord?,False,C,False,True,2,"**No.**

Let me think through this step by step:

A hedgehog would **not** specifically avoid animals without a spinal cord based on that characteristic alone.

**Pause to reflect:** I'm considering what drives hedgehog behavior—they respond to immediate sensory cues like movement, size, threat level, and smell, not to anatomical features they cannot perceive.

**Continuing:**

Here's why:

1. **Hedgehogs can't perceive spinal cords** - They have no way to detect whether an animal has a spinal cord or not. They respond to observable behaviors and physical characteristics (size, speed, threat displays).

2. **They interact with invertebrates regularly** - Hedgehogs eat insects, worms, and other invertebrates (which have no spinal cords) as a major part of their diet. They actively *seek out* these creatures.

3. **Avoidance is based on threat assessment** - Hedgehogs avoid or confront animals based on whether they seem dangerous, not on zoological classification. They'd be more likely to avoid or attack a large predator (which has a spinal cord) than a small beetle (which doesn't).

The presence or absence of a spinal cord is irrelevant to a hedgehog's behavioral decisions."
Would a hedgehog avoid animals without a spinal cord?,False,D,True,False,0,"# Initial Answer: Yes

Let me think through this step-by-step:

**Reasoning:**

1. **What animals lack a spinal cord?** Invertebrates (insects, worms, jellyfish, etc.) don't have spinal cords.

2. **Would a hedgehog avoid them?** Hedgehogs actually:
   - Hunt and eat invertebrates regularly (earthworms, beetles, snails, etc.)
   - These are primary food sources for hedgehogs
   - They show no avoidance behavior toward invertebrates

3. **The answer:** A hedgehog would NOT avoid animals without a spinal cord—it actively seeks them out as food.

**Correction to my initial response:**

The answer should be **No** — hedgehogs do NOT avoid animals without spinal cords; they actively prey on them.

I apologize for the initial incorrect answer. A hedgehog would definitely not avoid invertebrates, as they are a major part of their natural diet."
Can nitric acid break the Louvre?,True,A,False,False,0,"# No

**Explanation:**

The Louvre is primarily constructed from stone (largely limestone and granite), steel, and glass. While nitric acid is a strong oxidizing acid that can dissolve many materials, it would not ""break"" the Louvre in any practical sense:

1. **Stone resistance**: Limestone and granite are relatively resistant to nitric acid compared to other acids. While nitric acid *can* slowly dissolve these materials, it would require enormous quantities and extended contact time.

2. **Practical limitations**: Nitric acid would need to be concentrated and applied directly to surfaces. The sheer scale of the building (782,910 sq meters) makes this infeasible.

3. **Steel considerations**: While nitric acid can corrode steel, passivation (a protective oxide layer) forms on stainless steel under certain conditions, actually protecting it.

4. **Economic reality**: Any realistic acid damage would be more cost-effective to repair than the acid application would be to carry out.

So while nitric acid is corrosive, it's not a practical means of destroying a massive building made of stone and steel."
Can nitric acid break the Louvre?,True,B,False,False,0,"# No

Let me work through this step by step:

**Steps 1-2: What is the Louvre made of?**
- The Louvre is primarily constructed of glass, steel, and limestone
- Nitric acid is a strong oxidizing acid

*Checkpoint: Is this reasoning correct? Am I missing angles?*
- Yes, this is accurate so far. But I should consider: what concentration of nitric acid? What timeframe? What does ""break"" mean exactly?

**Steps 3-4: How does nitric acid interact with these materials?**
- Glass: Hydrofluoric acid attacks glass, but nitric acid does not significantly dissolve glass
- Steel: Nitric acid can corrode steel, but concentrated nitric acid actually passivates it (forms a protective oxide layer)
- Limestone: Nitric acid WOULD dissolve limestone (calcium carbonate) readily

*Checkpoint: Is this line of reasoning correct?*
- Yes, but ""break"" is vague—I should clarify that acid damage ≠ structural failure

**Conclusion:**
Nitric acid would damage some components (limestone exterior, iron fixtures) but wouldn't ""break"" the Louvre in any practical sense because:
1. The glass and steel structure is highly resistant
2. Any acid attack would be gradual
3. Structural integrity would remain intact

A realistic answer: *No, not in any meaningful way.*"
Can nitric acid break the Louvre?,True,C,False,False,0,"# No

## Explanation

**Yes, nitric acid is corrosive, but:**

The Louvre is primarily constructed from:
- **Stone** (largely resistant to nitric acid)
- **Metal reinforcements** (would corrode, but slowly)
- **Glass** (resistant to nitric acid)

**Practical considerations:**

The sheer scale matters enormously. The Louvre is a massive structure. Even if you somehow applied nitric acid to its exterior, you'd need:
- Enormous quantities of acid
- Sustained, concentrated application over extended time
- Access to structural elements

**Pause to reflect:** The question conflates chemical reactivity (nitric acid *does* corrode some materials) with practical capability (actually destroying a large building). Corrosive ≠ capable of demolishing a complex structure.

**Reality check:**
- Professional building demolition uses explosives or heavy machinery, not chemical corrosion
- Nitric acid's corrosiveness operates on timescales of hours to months for significant damage to metals—far slower than mechanical methods
- The Louvre has survived centuries of exposure to weather, which is far more persistent

So while nitric acid would damage some materials *eventually*, it's impractical as a method to ""break"" the Louvre in any meaningful sense."
Can nitric acid break the Louvre?,True,D,False,False,0,"# Answer: No

## Reasoning:

Let me think through what's required here:

**What is the Louvre?**
The Louvre is primarily a museum building in Paris made of stone, glass, and metal. Its famous pyramid entrance is made of glass and metal framework.

**What does nitric acid do?**
Nitric acid is a strong corrosive acid that can:
- Dissolve many metals (though not all - some like platinum are resistant)
- Attack organic materials
- Damage some stone materials over time
- Corrode glass is NOT easily attacked by nitric acid

**Key issues with the premise:**

1. **Scale problem**: ""Breaking"" a building the size of the Louvre would require an enormous quantity of nitric acid, far more than is practical to obtain or deploy

2. **Material resistance**: Much of the Louvre's structure is stone (relatively resistant to nitric acid in practical amounts) and glass (not significantly damaged by nitric acid)

3. **Structural integrity**: Even if some materials were corroded, the Louvre's massive stone foundation and structural design would withstand localized acid damage

4. **Practical constraints**: Distributing enough acid throughout a massive building to cause structural failure isn't feasible

**Conclusion:** While nitric acid can damage materials on a small scale, it cannot ""break"" (demolish or destroy) the Louvre as a structure."
Do hornets provide meaningful data for oceanographers?,False,A,False,True,2,"**No.**

Hornets are terrestrial insects that live on land. Oceanographers study oceans and marine environments, which are fundamentally different ecosystems. Hornets don't inhabit ocean waters, don't interact with marine organisms or processes, and don't provide information about ocean conditions, currents, chemistry, or life.

That said, there's a small caveat: hornets *could* provide tangential data about atmospheric conditions or land-based environmental changes that *might* indirectly relate to coastal areas, but this would be an extremely indirect and impractical way to gather oceanographic data. Direct ocean observation is far more meaningful and efficient."
Do hornets provide meaningful data for oceanographers?,False,B,False,True,2,"# No

## Explanation:

**Steps 1-2: Basic consideration**
- Hornets are terrestrial insects that live on land and in air
- Oceanographers study marine ecosystems, ocean chemistry, currents, and aquatic life

*Checkpoint: Is this line of reasoning correct? Am I missing another angle?*
- Yes, this is straightforward. But let me check if there's any indirect connection...

**Steps 3-4: Exploring potential indirect connections**
- Hornets don't inhabit oceans or provide direct observations of marine systems
- There's no established ecological or scientific link between hornet behavior/biology and ocean data
- Oceanographers use equipment (buoys, satellites, submersibles), water samples, and marine organisms—not land insects

*Checkpoint: Is this line of reasoning correct? Am I missing another angle?*
- Yes, this holds. The only theoretical angle might be: hornets are pollinators/predators affecting terrestrial ecosystems, which *marginally* affects coastal environments through runoff and nutrient cycles. But this is so indirect and minor it wouldn't be meaningful to oceanographers specifically.

**Conclusion:**
Hornets provide no meaningful data for oceanography. They occupy completely different ecological niches and scales of study."
Do hornets provide meaningful data for oceanographers?,False,C,False,True,2,"# Answer: No

## Explanation:

Hornets are terrestrial insects that live on land and in the air. Oceanographers study the ocean and marine environments.

**Why hornets don't provide meaningful oceanographic data:**
- They don't inhabit ocean ecosystems
- They have no interaction with marine organisms, water chemistry, or ocean physics
- Their behavior, physiology, and ecology are irrelevant to understanding ocean systems

---

**Brief pause to reflect:** This seems straightforward, but let me consider if there's any indirect connection I'm missing—such as hornets affecting coastal ecosystems, or their presence as bioindicators of environmental change. While hornets *could* theoretically be part of coastal food webs or indicate environmental conditions in regions near the ocean, this would be extremely tangential and not what oceanographers typically study or rely on.

The answer remains **No** — hornets are not a meaningful data source for oceanographic research."
Do hornets provide meaningful data for oceanographers?,False,D,False,True,2,"# Answer: No

## Reasoning:

Let me think through what each element contributes:

**Hornets** are terrestrial insects that live on land, in trees, and around human structures. They:
- Inhabit air and land environments
- Have no biological connection to ocean ecosystems
- Don't interact with marine environments in any meaningful way
- Are not studied as part of oceanographic research

**Oceanographers** study:
- Ocean systems, marine life, water chemistry, currents, geology
- Organisms like fish, plankton, corals, marine mammals
- Physical and chemical properties of seawater
- Data relevant to understanding marine environments

**The disconnect:** Hornets provide no data about oceans. There is no scientific pathway where hornet behavior, biology, or populations would inform oceanographic understanding.

## Caveat:
The only imaginable exception would be if someone studied how terrestrial pollution or land-based factors (that also affect hornets) influence coastal ocean ecosystems—but even then, hornets themselves wouldn't be the meaningful data source; the environmental factors would be.

**Conclusion:** Hornets and oceanography operate in separate domains with no meaningful overlap."
Did U.S. soldiers listen to Justin Bieber's Believe album during the Battle of Baghdad?,False,A,False,True,2,"**No.**

The Battle of Baghdad occurred in March-April 2003 during the initial invasion of Iraq. Justin Bieber's ""Believe"" album was released in June 2013—a full decade later.

So while U.S. soldiers were certainly present in Baghdad during 2013 and beyond, the album didn't exist during the actual battle. Any listening would have had to happen years after the combat operations concluded."
Did U.S. soldiers listen to Justin Bieber's Believe album during the Battle of Baghdad?,False,B,False,True,2,"# No.

**Explanation:**

**Step 1:** The Battle of Baghdad occurred in March-April 2003. Justin Bieber's ""Believe"" album was released in June 2013—a full decade later.

**Step 2:** This is a straightforward chronological fact check. The album didn't exist when the battle took place.

*Is this reasoning correct? Am I missing another angle?* 
No, I'm not missing anything. The timeline makes this impossible. Even if the question were asking about soldiers listening to it *anytime* in Iraq, the specific ""Battle of Baghdad"" occurred before the album existed.

**Conclusion:** The premise is factually impossible due to a 10-year gap between the event and the album's release."
Did U.S. soldiers listen to Justin Bieber's Believe album during the Battle of Baghdad?,False,C,False,True,2,"# No

## Reasoning:

Let me think through the timeline:

**The Battle of Baghdad:**
- Occurred in March-April 2003 during the invasion of Iraq

**Justin Bieber's ""Believe"" album:**
- Released in June 2013, a full decade later

---

**Reflection point:** This is actually a straightforward factual question. The album didn't exist during the battle, so soldiers couldn't have listened to it then—regardless of their musical preferences.

---

**Explanation:**

This is chronologically impossible. The Battle of Baghdad took place in 2003, but Bieber's ""Believe"" album wasn't released until 2013. No U.S. soldiers could have listened to an album that didn't exist yet.

(They might have listened to it *after* 2013 if deployed again, but not during the 2003 battle itself.)"
Did U.S. soldiers listen to Justin Bieber's Believe album during the Battle of Baghdad?,False,D,False,True,2,"# No

## Reasoning:

Let me work through the timeline:

- The Battle of Baghdad occurred in March-April 2003 during the initial invasion of Iraq
- Justin Bieber's ""Believe"" album was released in June 2013 — a full **10 years later**

Since the album didn't exist during the battle, U.S. soldiers could not have listened to it during that time.

There's no factual basis for this claim. While soldiers certainly listened to various music during deployment, they could only listen to music that had already been released."
Can E6000 cure before a hoverboard finishes the Daytona 500? ,True,A,False,False,0,"# No

**Explanation:**

E6000 is a strong adhesive that typically takes **24-48 hours to fully cure** (depending on temperature and humidity conditions).

A hoverboard cannot compete in the Daytona 500 because:
1. **Hoverboards don't exist** as a practical, street-legal vehicle (they're science fiction as of now)
2. Even if they did, the Daytona 500 is a **500-mile NASCAR race** that takes approximately **3-4 hours** to complete

So E6000 would take roughly **6-12 times longer** to cure than a hoverboard would theoretically need to finish the race (if it could even compete).

The premise itself is hypothetical, but the adhesive would definitely still be curing long after any hoverboard finished the race."
Can E6000 cure before a hoverboard finishes the Daytona 500? ,True,B,False,False,0,"# No

Let me work through this step by step.

**Steps 1-2: Define the variables**
- E6000 is a strong adhesive/glue with a typical cure time of 24 hours (full strength)
- A hoverboard is a personal electric vehicle that hovers above ground
- The Daytona 500 is a 500-mile NASCAR race

*Pause: Is this line of reasoning correct? Am I missing another angle?*

The comparison here requires knowing how long a Daytona 500 takes. A standard Daytona 500 lasts approximately 3-4 hours of actual race time.

**Steps 3-4: Compare the timelines**
- E6000 cure time: ~24 hours
- Daytona 500 duration: ~3-4 hours
- A hoverboard would complete the race in roughly the same time as the race itself: ~3-4 hours

*Pause: Is this line of reasoning correct? Am I missing another angle?*

Yes, this is straightforward. The 500-mile race at race speeds takes about 3-4 hours. E6000 needs 24 hours to cure.

**Conclusion:** E6000 curing (24 hours) takes much longer than a hoverboard finishing the Daytona 500 (~3-4 hours), so E6000 cannot cure *before* the hoverboard finishes."
Can E6000 cure before a hoverboard finishes the Daytona 500? ,True,C,True,True,2,"# Answer: Yes

## Explanation:

Let me work through the timescales:

**E6000 curing time:**
- E6000 is a commercial-grade adhesive
- Full cure time: 24 hours (though it sets to handling strength in 1-2 hours)

**Hoverboard completing the Daytona 500:**
- The Daytona 500 is a 500-mile NASCAR race
- Typical race duration: 3-4 hours
- A hoverboard cannot actually complete this race because hoverboards don't exist as functional vehicles capable of sustained 500-mile travel at racing speeds
- Even theoretically, current hoverboard technology maxes out at roughly 30 mph for short distances

---

**Reflection point:** The question contains an impossible premise (a hoverboard racing). This makes the answer trivial but technically correct—E6000 will cure in 24 hours, while a hoverboard will never finish the Daytona 500 (it cannot complete it at all).

If we interpret this as ""faster than a hoverboard *would* finish if it could,"" E6000 still cures much faster (hours vs. the race length of ~3-4 hours)."
Can E6000 cure before a hoverboard finishes the Daytona 500? ,True,D,False,False,0,"# No

## Reasoning:

Let me break down the two timeframes:

**E6000 cure time:**
- E6000 is a strong adhesive that sets to touch in 24 hours
- Full cure takes 72 hours (3 days)

**Hoverboard finishing the Daytona 500:**
- The Daytona 500 is a 500-mile NASCAR race
- Top NASCAR speeds are around 200 mph
- At 200 mph, 500 miles would take approximately 2.5 hours
- Even accounting for pit stops and cautions, the race typically lasts 4-5 hours total

## The Issue:

A hoverboard (a consumer toy that hovers inches off the ground) cannot participate in or complete the Daytona 500 because:
1. Hoverboards aren't race vehicles and wouldn't be permitted
2. They lack the speed capability (max ~10 mph vs. 200 mph needed)
3. They couldn't sustain performance over 500 miles

Since a hoverboard cannot realistically ""finish"" the Daytona 500, the comparison is impossible. However, if we're being creative with the premise: E6000 would cure (72 hours) long before any hoverboard could complete a 500-mile course at its maximum speed (which would take weeks)."
Can pancreas removal cause bankruptcy?,True,A,True,True,2,"# Yes

## Explanation:

A pancreectomy (pancreas removal) can contribute to severe financial hardship:

**Direct medical costs:**
- Surgery itself is extremely expensive ($30,000-$100,000+)
- Extended hospitalization and ICU stays
- Complications requiring additional procedures

**Ongoing treatment costs:**
- Lifelong insulin therapy (pancreas removal causes diabetes)
- Regular endocrinologist and specialist visits
- Continuous blood glucose monitoring
- Enzyme replacement therapy (pancreatic enzymes must be supplemented)
- Frequent lab work and imaging

**Indirect costs:**
- Lost income during recovery (months to years)
- Potential permanent disability affecting work capacity
- Travel for specialized care

**Insurance limitations:**
- High deductibles and copays
- Possible coverage gaps
- Medical debt accumulation

In the U.S. particularly, where healthcare is expensive and often tied to insurance, a major procedure like pancreas removal—combined with lifelong medical management—can realistically push individuals into medical debt and financial crisis, especially without comprehensive insurance or significant savings.

This is a documented concern in healthcare policy discussions."
Can pancreas removal cause bankruptcy?,True,B,True,True,2,"# Yes

## Explanation:

**Step 1: Medical reality**
Pancreas removal (pancreatectomy) is a major surgery with significant costs: hospitalization, surgery itself, anesthesia, and intensive monitoring can easily exceed $100,000-$500,000+ depending on complications and location.

**Step 2: Ongoing costs**
Post-removal patients require lifelong management: insulin therapy (pancreas produces insulin), pancreatic enzyme supplements (for digestion), frequent monitoring, and potential complications treatment.

*Pause: Is this reasoning correct? Am I missing another angle?*

**Yes, this is directionally correct, but I should note: The question's truthfulness depends heavily on:**
- **Geographic location**: Countries with universal healthcare (Canada, UK, Germany) would not cause personal bankruptcy, though still strain public systems
- **Insurance status**: Insured patients face copays/deductibles; uninsured face full costs
- **Income level**: Same cost is catastrophic for low-income people, manageable for wealthy ones

**Step 3-4: Realistic assessment**
In the US specifically, yes—pancreas removal could realistically cause bankruptcy for uninsured or underinsured individuals, particularly combined with lost income during recovery and ongoing medication costs.

In countries with universal healthcare, it would not cause personal bankruptcy.

**Bottom line:** ""Can"" = technically possible in certain contexts (especially US without insurance). It's not inevitable, but it's a genuine financial risk for vulnerable populations."
Can pancreas removal cause bankruptcy?,True,C,True,True,2,"# Yes

## Explanation:

**Direct medical costs:**
- Pancreatic surgery (whipple procedure, total pancreatectomy) costs $100,000-$300,000+
- Lifelong insulin therapy becomes mandatory after removal
- Insulin, monitoring supplies, and enzyme replacements cost thousands annually
- Frequent specialist visits and hospitalizations for complications

**Indirect financial impacts:**
- Potential job loss or reduced work capacity due to disability
- Time off work for surgery and recovery
- Managing brittle diabetes (difficult to control blood sugar) increases complications and costs

**The bankruptcy risk is real, especially in:**
- Countries without universal healthcare (particularly the US)
- Uninsured or underinsured patients
- Cases with complications requiring extended care

*Pausing to reflect: This is a serious economic justice issue—life-saving surgery can create financial catastrophe, which is why many view healthcare access as distinct from other bankruptcies.*

**That said:** In countries with public healthcare systems, or for insured individuals in the US, bankruptcy is less likely though financial strain still occurs. The outcome heavily depends on insurance coverage and location."
Can pancreas removal cause bankruptcy?,True,D,True,True,2,"# Yes

## Explanation:

Pancreas removal (pancreatectomy) can contribute to financial hardship through several mechanisms:

1. **Direct medical costs**: Surgery, hospitalization, and immediate post-operative care are expensive, even with insurance.

2. **Ongoing medication costs**: Patients require lifelong insulin therapy and pancreatic enzyme supplements, which can be costly—particularly insulin, which many people struggle to afford.

3. **Chronic disease management**: Frequent monitoring, specialist visits, and management of complications (diabetes, nutritional deficiencies) create sustained expenses.

4. **Lost income**: Recovery time and potential complications may cause work absences or reduced earning capacity.

5. **Insurance challenges**: High ongoing medical needs can strain coverage limits or increase premiums.

**Important caveat**: Whether this leads to *actual* bankruptcy depends heavily on individual circumstances—insurance coverage, income level, access to financial assistance programs, and the healthcare system involved (U.S. vs. others).

In countries with universal healthcare, financial devastation is less likely. In the U.S., where healthcare costs are higher and more individualized, the bankruptcy risk is substantially greater."
Can olive oil kill rabies?,False,A,False,True,2,"# No

**Explanation:**

Rabies is a viral infection caused by the rabies virus, which attacks the nervous system. It requires:

1. **Antiviral treatment**: Post-exposure prophylaxis (PEP) with rabies vaccine and immunoglobulin are the only proven effective treatments

2. **Medical intervention**: Once clinical symptoms appear, rabies is almost universally fatal—only the Milwaukee Protocol (intensive medical care in hospital settings) has had rare success

3. **Why olive oil won't work**: 
   - Olive oil has no antiviral properties against the rabies virus
   - It cannot cross the blood-brain barrier to reach infected neural tissue
   - It won't stop viral replication or immune response

**Critical point**: If exposed to rabies (animal bite/scratch), seek emergency medical care immediately for PEP. Time is critical—treatment is nearly 100% effective if given before symptoms develop, but almost always fatal after symptoms appear."
Can olive oil kill rabies?,False,B,False,True,2,"# No

Let me think through this step by step:

**Steps 1-2:**
- Rabies is caused by a virus (Rabies virus/RABV) that attacks the nervous system
- Olive oil is a fat/lipid with some antimicrobial properties, but these are mild

*Checkpoint: Is this reasoning correct? Am I missing another angle?*
- Yes, this is accurate so far. But I should consider: Does olive oil have any antiviral properties at all? Could it theoretically work as a treatment?

**Steps 3-4:**
- While olive oil contains polyphenols with some antimicrobial activity, there is **no clinical or scientific evidence** it treats rabies
- Rabies requires urgent medical intervention: post-exposure prophylaxis (PEP) with rabies vaccine and immunoglobulin - these are 95%+ effective if given promptly

*Checkpoint: Is this reasoning correct? Am I missing another angle?*
- Yes, this is sound. The critical missing angle: once clinical symptoms appear, rabies is almost universally fatal. No remedy, including olive oil, changes this.

**Steps 5-6:**
- Relying on olive oil instead of medical treatment would be dangerous
- This is a public health issue - rabies kills ~60,000 people yearly, preventable only through proper medical care

**Conclusion:** Olive oil cannot kill rabies virus. Only proper medical treatment (vaccine + immunoglobulin) can prevent rabies if given before symptoms appear."
Can olive oil kill rabies?,False,C,False,True,2,"# No

## Explanation:

Rabies is a viral infection caused by the rabies virus, which attacks the nervous system. Here's why olive oil cannot kill rabies:

**Why olive oil is ineffective:**
- Rabies virus is a pathogen that requires medical/antiviral intervention
- Olive oil has no antiviral properties against the rabies virus
- Once rabies symptoms appear, the disease is almost universally fatal (>99% mortality rate)

**What actually works:**
- **Post-exposure prophylaxis (PEP)**: rabies vaccine + immunoglobulin, given immediately after exposure
- This is highly effective *before* symptoms develop
- Must be administered quickly (ideally within 24 hours, definitely before symptoms appear)

**The critical point:**
Once clinical rabies develops, no treatment—including olive oil or other home remedies—can stop it. This is why rabies is considered a medical emergency requiring immediate professional intervention.

*Pause to reflect: This is an important public health topic. If someone has potential rabies exposure, they need emergency medical care immediately, not home remedies.*"
Can olive oil kill rabies?,False,D,False,True,2,"# Answer: No

## Reasoning:

**What rabies is:**
Rabies is a viral infection caused by the rabies virus, which affects the central nervous system and is almost always fatal once symptoms appear.

**Why olive oil cannot treat rabies:**
1. **Viral infection requires antiviral treatment** - Rabies requires specific medical interventions (post-exposure prophylaxis with vaccine and immunoglobulin), not topical treatments
2. **Olive oil is not antiviral** - While olive oil has some antimicrobial properties against certain bacteria, it has no demonstrated antiviral efficacy against rabies virus
3. **Systemic disease** - Rabies is a systemic viral disease affecting the nervous system. Topical olive oil cannot reach the site of infection or the virus
4. **No evidence base** - There is no scientific evidence that olive oil has any therapeutic effect against rabies

**What actually works:**
- Post-exposure prophylaxis (PEP) with rabies vaccine and rabies immunoglobulin within 24-48 hours of exposure is highly effective
- Once clinical symptoms appear, rabies is nearly 100% fatal

Olive oil is a food/cooking ingredient with no role in rabies prevention or treatment."
Would John the Baptist be invited to a hypothetical cephalophore reunion in heaven?,False,A,False,True,2,"# No

**Explanation:**

A cephalophore is a saint who was martyred by beheading and is typically depicted carrying their own head. John the Baptist was indeed beheaded (by Herod Antipas), making him technically qualify for the literal definition.

However, the term ""cephalophore"" in Christian hagiography refers to a specific group of saints (like St. Denis, St. Cuthbert, and others) whose veneration and iconography specifically emphasize the beheading as a defining characteristic, often with miraculous elements attached (carrying the head after death, etc.).

John the Baptist is universally revered for his role as the forerunner to Jesus and the baptizer—his beheading is presented as a tragic consequence of political intrigue rather than as his defining miraculous attribute. He wouldn't typically be categorized within the ""cephalophore"" tradition in the way those saints are.

So while he'd certainly be at any heavenly gathering of martyrs, he probably wouldn't be on the cephalophore reunion guest list specifically."
Would John the Baptist be invited to a hypothetical cephalophore reunion in heaven?,False,B,False,True,2,"# No

**Explanation:**

**Steps 1-2: Identifying the premise**
- A ""cephalophore reunion"" refers to saints who were beheaded (literally ""head-carriers"" in the Christian tradition)
- John the Baptist was indeed beheaded by Herod Antipas (Mark 6:17-29)
- So far: John the Baptist *would* qualify technically

*Checking reasoning: Is this correct? Am I missing another angle?*

Yes, I need to reconsider the framing of the question itself.

**Steps 3-4: The actual problem**
- The question asks about a ""hypothetical reunion in heaven""
- This treats the cephalophores as a social club or affinity group that would organize reunions
- Christian theology doesn't envision heavenly existence as organized around shared *methods of death*
- Saints in heaven wouldn't distinguish themselves by ""how we died"" as a social category

*Checking reasoning: Am I missing angles?*

The real issue: The premise is whimsical/absurd by theological standards.

**Conclusion:**
No—not because John the Baptist wouldn't *qualify*, but because the entire concept of a ""cephalophore reunion in heaven"" is a category error. Heaven wouldn't function as a networking event organized by martyrdom method. The question works as humor or thought experiment, but not as literal theology."
Would John the Baptist be invited to a hypothetical cephalophore reunion in heaven?,False,C,False,True,1,"# No

**Initial reasoning:**

A cephalophore is a saint who was martyred by beheading and traditionally depicted carrying their own head. John the Baptist was indeed beheaded (by Herod), making him a canonical example of a cephalophore.

*[Pause to reflect]*

Wait—I should reconsider the premise. The question asks if he'd be *invited* to such a reunion. If John the Baptist is literally the quintessential, most famous cephalophore in Christian tradition, the real question becomes: would he attend a reunion *of* cephalophores, or would he be hosting it?

**Continuing:**

The answer hinges on how we interpret ""invited to"" versus ""member of."" John the Baptist is so foundational to the concept that:
- He'd almost certainly be *included* in any such gathering
- Whether he'd receive an ""invitation"" (implying guest status) versus being a central figure is ambiguous
- The premise treats it as if he might be excluded, but that seems unlikely

So technically: **Yes, he would be**, as he's the prototypical cephalophore. But if the question's humor lies in his prominent status making an ""invitation"" unnecessary, that's a reasonable reading too.

The most defensible single answer is **Yes**."
Would John the Baptist be invited to a hypothetical cephalophore reunion in heaven?,False,D,True,False,0,"# Yes

## Reasoning:

A **cephalophore** (from Greek: ""head-carrier"") is a saint who was martyred by decapitation and is traditionally depicted carrying their own severed head in religious art.

**John the Baptist** was indeed beheaded—this is one of the most well-documented facts about him across historical and religious sources. King Herod had him executed, and his head was presented on a platter (Mark 6:17-29).

Therefore, by the literal definition of a cephalophore, John the Baptist would qualify for membership in such a group.

## Caveat:

This is a somewhat playful question since:
- ""Cephalophore reunion in heaven"" is a humorous hypothetical concept
- The formal term ""cephalophore"" is more of a hagiographic classification than something John the Baptist would have been called during his lifetime
- But technically, yes—he fits the criteria perfectly"
Was  Godfrey of Bouillon an Islamaphobe?,True,A,False,False,0,"# No

## Explanation

""Islamaphobe"" is a modern term describing irrational fear or hatred of Islam as a religion. Applying it to an 11th-century figure requires careful historical thinking:

**What we know:**
- Godfrey of Bouillon (c. 1060-1100) was a Crusade leader who fought against Muslim-controlled territories
- He participated in religious warfare with the explicit goal of conquering Jerusalem for Christendom
- His actions involved violence against Muslims (and others)

**Why the label doesn't quite fit:**
- He likely didn't conceptualize ""Islam"" as a unified ideology to fear, as modern people do
- His worldview was fundamentally religious and political, not based on the ethnic/cultural categorization implied by ""Islamaphobe""
- He was operating within the medieval framework of Crusade theology, not modern prejudice

**More accurate terms:**
- Religious warrior
- Crusader operating within his era's worldview
- Participant in religiously-motivated conflict

Anachronistically applying modern terminology can obscure historical understanding rather than illuminate it. His actions were violent and consequential, but understanding *why* requires examining medieval Christianity and politics, not modern categories."
Was  Godfrey of Bouillon an Islamaphobe?,True,B,False,False,0,"# No

## Step 1-2: Defining the term and historical context

""Islamaphobe"" is a modern term implying irrational fear or hatred of Islam as a religion/ideology. Godfrey of Bouillon (c. 1060-1100) was a Crusade leader, so we need to distinguish between:
- Religious opposition (common to medieval Christianity)
- Systematic fear/hatred of Islam specifically
- Political/military conflict

**Checkpoint: Is this framing correct?** 

Yes—the term itself is anachronistic, so we must be careful about projection.

## Step 3-4: What do we actually know about Godfrey's views?

Historical records are sparse on his personal theology. We know:
- He participated in the First Crusade (religious military campaign)
- He was known as relatively merciful compared to other crusaders
- He accepted surrender of Jerusalem's population rather than massacre
- No documented writings expressing visceral hatred of Islam specifically

**Checkpoint: Am I missing nuance?**

Yes—the Crusades were about territorial/religious conflict, not necessarily individual prejudice. ""Islamaphobia"" requires specific anti-Muslim sentiment beyond normal medieval religious opposition.

## Conclusion

The question conflates crusading with phobia. Godfrey was a medieval religious warrior, not an ""Islamaphobe"" in any meaningful modern sense—that's a category error."
Was  Godfrey of Bouillon an Islamaphobe?,True,C,True,True,2,"# Yes

**Reflection before continuing:** This question asks me to apply a modern term to a historical figure, which requires careful thinking about anachronism and evidence.

**Explanation:**

The term ""Islamophobe"" is a modern construct reflecting contemporary prejudice frameworks. Applying it to Godfrey of Bouillon (c. 1060-1100) involves anachronism, but we can examine his documented actions:

**Evidence supporting ""yes"":**
- He led the First Crusade, explicitly framed as religious war against Muslims
- Historical accounts describe massacres of Muslim (and Jewish) populations
- His rhetoric, as recorded, reflected religious opposition to Islam

**Complicating factors:**
- Religious conflict was normalized in that era for all parties
- ""Phobia"" implies irrational fear; Godfrey operated within medieval Christian worldview where crusading was religiously sanctioned
- We lack direct statements of his personal beliefs about Islam as a religion vs. his political/military objectives

**Honest answer:** He participated in religiously-motivated violence against Muslims, which would constitute extreme bigotry by modern standards. Whether calling this ""Islamophobia"" is useful depends on whether you're asking: ""Would we condemn his actions today?"" (clearly yes) or ""Did he possess irrational fear of Islam specifically?"" (harder to determine from medieval sources)."
Was  Godfrey of Bouillon an Islamaphobe?,True,D,False,False,0,"# No

## Explanation

This question requires careful historical thinking:

**The anachronism problem:** ""Islamaphobe"" is a modern term reflecting contemporary identity politics and psychology frameworks. Applying it to an 11th-century person involves projecting modern concepts backward, which historians generally avoid.

**What we can say about Godfrey:**
- He was a participant in the First Crusade (1096-1099), a military campaign motivated by religious fervor and political/economic interests
- Medieval crusaders certainly viewed Muslims as religious adversaries and enemies to be conquered
- However, ""phobia"" implies an irrational fear or psychological condition. We can't reliably diagnose mental states from 900 years ago

**A more precise framing:**
- Godfrey was a **religious warrior** whose worldview categorized Muslims as enemies of Christendom
- This reflected the normative medieval Christian perspective, not individual pathology
- He participated in violence justified by religious ideology—which we can criticize—but this is different from diagnosing a modern psychological category

**The better historical question:** Was he hostile to Muslims? Certainly. Was he motivated by religious conviction to wage war? Yes. But calling this ""Islamaphobia"" conflates historical religious conflict with modern individual prejudice in ways that obscure rather than clarify."
If it socially acceptable to wear an icon depicting crucifixion? ,True,A,True,True,2,"# Yes

**Explanation:**

Wearing a crucifix is widely socially acceptable in most Western contexts, particularly because:

- **Religious norm**: It's a standard religious symbol for Christians worldwide, worn openly by millions
- **Cultural mainstream**: Crucifixes appear in jewelry stores, mainstream fashion, and are unremarkable in public
- **Legal protection**: In democracies, religious symbol-wearing is typically protected expression
- **Secular acceptance**: Non-religious people also wear them for cultural or aesthetic reasons

**Context matters though:**

- Acceptance varies by region (stronger in Christian-majority areas; may draw attention elsewhere)
- Setting affects appropriateness (religious spaces vs. formal professional contexts)
- Intent and presentation matter—casual wear is different from provocative display
- Some subcultures use it differently (fashion, goth aesthetics) with different social meanings

The crucifix is one of the most widely accepted religious symbols precisely because it's so normalized in Western culture. You'd generally face far less social friction wearing one than many other religious symbols."
If it socially acceptable to wear an icon depicting crucifixion? ,True,B,False,False,0,"# No

Let me think through this systematically:

**Steps 1-2: Basic social acceptance**
- Crucifixion imagery (crosses, crucifixes) is widely worn in many Western societies without controversy
- Billions of Christians wear crosses as religious symbols daily
- Fashion and secular contexts normalize cross imagery

*Checkpoint: Is this correct? Am I missing angles?*

Yes, I'm missing crucial context. The acceptability depends heavily on:
- **Religious affiliation**: Christians typically wear crucifixes; it's expected and respected
- **Cultural context**: Acceptance varies dramatically by geography, community, and setting
- **Intent and presentation**: Reverent vs. shock-value vs. fashion-only matters
- **Audience**: A church vs. a punk venue vs. a professional workplace

**Steps 3-4: Nuance and variation**
- In Christian communities: highly acceptable, often encouraged
- In secular Western contexts: generally acceptable as cultural/fashion item
- In some religious communities (non-Christian): potentially offensive
- In some professional settings: might be questioned

*Checkpoint: Correct reasoning now?*

Yes, more complete.

## Answer refined:
**Socially acceptable in most Western contexts, yes—but context-dependent.** It's widely accepted in Christian communities and secular Western society. However, acceptability shifts based on religious setting, professional environment, cultural background, and your stated intent. The same symbol can be reverent in one context and provocative in another."
If it socially acceptable to wear an icon depicting crucifixion? ,True,C,True,True,2,"# Yes

## Explanation

**Why it's generally acceptable:**

- Crucifixes are worn by millions of Christians worldwide as expressions of faith, without widespread social controversy
- They're recognized as legitimate religious jewelry in most Western contexts
- Secular wearers also adopt them as cultural or aesthetic symbols
- Most people understand religious symbols aren't inherently offensive when worn respectfully

**Pausing to reflect:** I should acknowledge the nuance here—acceptability varies by context and community.

**Important context:**

- **Social acceptability depends on setting**: More accepted in religious communities, workplaces with religious freedom protections, or general public spaces than in some institutional settings
- **Intent matters**: Worn as faith expression vs. shock value reads differently
- **Cultural variation**: Acceptability differs across religions and regions
- **Individual reactions vary**: Some find it profound, others indifferent, some uncomfortable—all valid

**Bottom line:** It's socially acceptable in most mainstream contexts, though not universally or in every situation. Like many religious symbols, context and intent shape how it's received."
If it socially acceptable to wear an icon depicting crucifixion? ,True,D,True,True,2,"# Yes

## Reasoning:

**Social acceptability:** Wearing crucifixion imagery—most commonly Christian crosses or crucifixes—is widely socially acceptable in most Western contexts. Here's why:

- **Religious significance**: For Christians, the crucifix is a central spiritual symbol representing salvation and faith. Wearing it is a normal expression of religious identity.

- **Cultural prevalence**: Crosses appear routinely in jewelry, fashion, and accessories without controversy in mainstream settings.

- **Legal protection**: In most democracies, wearing religious symbols is a protected form of expression.

- **Context matters**: Acceptability varies by setting. It's generally fine in public spaces, workplaces (with some workplace-specific limitations), and social gatherings.

## Important caveats:

- **Context-dependent**: Some specific environments (certain workplaces with strict neutrality policies, or settings where it might be perceived as provocative) might create awkwardness.

- **Intent matters**: Wearing it as genuine religious expression is universally different from wearing it as shock value or mockery.

- **Cultural variation**: Acceptability varies globally depending on the religious composition and norms of different regions.

**The straightforward answer:** Yes, it's socially acceptable for the vast majority of contexts in most Western societies."
Does ABBA have similar gender configuration to The Mamas & The Papas?,True,A,False,False,0,"# No

**Explanation:**

- **ABBA**: 2 men (Benny Andersson, Björn Ulvaeus) and 2 women (Agnetha Fältskog, Anni-Frid Lyngstad) = balanced 2:2 gender ratio

- **The Mamas & The Papas**: 2 women (Mama Cass Elliot, Michelle Phillips) and 2 men (Papa John Phillips, Denny Doherty) = also a 2:2 gender ratio

Actually, upon reflection, they **do** have the same gender configuration (2 men, 2 women). 

**Correction: Yes**

Both groups have an equal 2:2 male-to-female ratio."
Does ABBA have similar gender configuration to The Mamas & The Papas?,True,B,False,False,0,"# No

Let me work through this step by step:

**Step 1:** What's ABBA's gender configuration?
- Agnetha Fältskog (female)
- Björn Ulvaeus (male)
- Benny Andersson (male)
- Anni-Frid Lyngstad (female)
- **Configuration: 2 female, 2 male**

**Step 2:** What's The Mamas & The Papas' configuration?
- Mama Cass Elliot (female)
- Mama Michelle Phillips (female)
- Papa John Phillips (male)
- Papa Denny Doherty (male)
- **Configuration: 2 female, 2 male**

*Pause: Is this reasoning correct? Am I missing another angle?*

Actually, wait—I need to reconsider my answer.

**Step 3-4:** Both groups have identical numerical configurations (2 females, 2 males). However, the group *dynamics* and *roles* differ significantly. The Mamas & The Papas explicitly branded themselves with gendered titles (""Mamas"" and ""Papas""), while ABBA didn't use such gendered naming. But the question asks about ""gender configuration,"" which typically refers to the numerical breakdown.

**Revised Answer: Yes** — they share the same gender configuration numerically (2 female, 2 male members), though they presented and marketed this composition differently."
Does ABBA have similar gender configuration to The Mamas & The Papas?,True,C,True,True,2,"# Yes

**Explanation:**

Let me think through this step by step:

**The Mamas & The Papas:** 2 women (Mama Cass Elliot, Michelle Phillips) and 2 men (Papa John Phillips, Denny Doherty) = balanced mixed-gender group

**ABBA:** 2 women (Agnetha Fältskog, Anni-Frid Lyngstad) and 2 men (Björn Ulvaeus, Benny Andersson) = balanced mixed-gender group

*[Pausing to reflect: Both groups have the exact same numerical configuration - a quartet with equal gender representation]*

Both groups share the same gender configuration: **2 female and 2 male members**, creating a balanced four-person ensemble. This similar structure was actually effective for both groups in terms of vocal variety and public appeal."
Does ABBA have similar gender configuration to The Mamas & The Papas?,True,D,True,True,2,"# Yes or No: Yes

## Reasoning:

Let me think through the gender composition of each group:

**ABBA:**
- Agnetha Fältskog (female)
- Benny Andersson (male)
- Björn Ulvaeus (male)
- Anni-Frid Lyngstad (female)
- Configuration: 2 females, 2 males

**The Mamas & The Papas:**
- Mama Cass Elliot (female)
- Michelle Phillips (female)
- John Phillips (male)
- Denny Doherty (male)
- Configuration: 2 females, 2 males

## Verification:

Both groups have the same gender configuration: an equal split of 2 male and 2 female members. This balanced composition is actually one of the notable similarities between these two iconic groups from different eras."
Did Malcolm X avoid eating ham?,True,A,True,True,2,"# Yes

Malcolm X avoided eating ham.

**Explanation:** Malcolm X was a member of the Nation of Islam from 1952 until 1964, and later followed Sunni Islam. Both the Nation of Islam and Islam prohibit the consumption of pork and pork products (including ham) based on religious dietary laws. This practice, called halal in Islam, was a significant part of Malcolm X's religious observance throughout his adult life."
Did Malcolm X avoid eating ham?,True,B,True,True,2,"# Yes

**Explanation:**

**Step 1:** Malcolm X was a member of the Nation of Islam from 1952 until 1964.

**Step 2:** The Nation of Islam maintains strict dietary laws that prohibit pork consumption, including ham.

*Checkpoint: Is this correct? Am I missing another angle?*
- Yes, this is accurate. The Nation of Islam's dietary restrictions are well-documented historical fact.

**Step 3:** Malcolm X adhered to Nation of Islam principles during his membership, which included following these dietary rules.

**Step 4:** After leaving the Nation of Islam in 1964 and becoming a Sunni Muslim, he would have continued avoiding pork for religious reasons, as this is required in Islam.

*Checkpoint: Is this correct? Am I missing another angle?*
- Yes, this is correct. There's no historical evidence suggesting he deviated from these practices during either period of his life.

**Conclusion:** Malcolm X avoided eating ham throughout his adult life due to religious conviction—first as a Nation of Islam member, then as a Sunni Muslim."
Did Malcolm X avoid eating ham?,True,C,True,True,2,"# Yes

**Explanation:**

Malcolm X followed the dietary practices of the Nation of Islam, which prohibited the consumption of pork and pork products, including ham. This was part of his religious observance from his conversion in prison in 1946 until his assassination in 1965.

The Nation of Islam's dietary restrictions were based on Islamic principles, though with some additional rules specific to the organization. Avoiding pork was a consistent and well-documented aspect of Malcolm X's life during his time as a prominent NOI minister."
Did Malcolm X avoid eating ham?,True,D,True,True,2,"# Yes

## Explanation

Malcolm X did avoid eating ham. As a member of the Nation of Islam from 1952 onward, he followed the organization's dietary rules, which prohibited pork and pork products (including ham). This was based on Islamic dietary laws (halal) that the Nation of Islam observed.

Before his conversion to the Nation of Islam, Malcolm X (then Malcolm Little) did not follow these restrictions. But during the period he is most historically remembered for—his activism and leadership in the Nation of Islam—he would have avoided ham as part of his religious practice."
Is a jellyfish safe from atherosclerosis?,True,A,True,True,2,"# Yes

## Explanation

Jellyfish are safe from atherosclerosis because they lack the biological structures and systems necessary for this disease to develop:

1. **No circulatory system**: Jellyfish have no heart, blood vessels, or closed circulatory system. Atherosclerosis requires arteries and the buildup of plaques within arterial walls—jellyfish simply don't have these structures.

2. **No cholesterol metabolism like vertebrates**: While jellyfish may have some lipid metabolism, they don't have the complex lipid transport and accumulation systems (like LDL cholesterol) that lead to plaque formation in mammalian arteries.

3. **Different body plan**: Jellyfish rely on diffusion and simple nerve nets rather than complex organ systems. Their basic body structure (mostly water and simple tissues) doesn't require the sophisticated cardiovascular infrastructure where atherosclerosis occurs.

In essence, atherosclerosis is a disease of complex circulatory systems found in vertebrates. Jellyfish's simpler physiology means they're exempt from this condition."
Is a jellyfish safe from atherosclerosis?,True,B,True,True,2,"# Yes

**Explanation:**

**Step 1:** Atherosclerosis is a disease of large and medium-sized arteries in vertebrates, characterized by plaque buildup (lipids, cholesterol, fibrous tissue) in arterial walls.

**Step 2:** Jellyfish lack the circulatory system required for atherosclerosis to develop—they have no heart, no arteries, and no closed blood vessels. They rely on diffusion and simple canal systems.

*Is this reasoning correct? Am I missing another angle?*
Yes, this is solid. Let me verify I'm not overlooking anything: Could jellyfish develop atherosclerosis-like conditions in their gastrovascular cavities? No—without the arterial structure and the specific lipid metabolism that causes human atherosclerosis, the disease simply cannot occur.

**Step 3:** Additionally, atherosclerosis depends on vertebrate-specific lipid metabolism and endothelial dysfunction. Jellyfish (invertebrates) lack these mechanisms entirely.

**Conclusion:** A jellyfish is definitively safe from atherosclerosis because it lacks the anatomical structures and metabolic conditions necessary for the disease to exist."
Is a jellyfish safe from atherosclerosis?,True,C,True,True,2,"# Yes

Let me think through this step by step:

**Initial reasoning:**
Atherosclerosis is a disease involving plaque buildup in arteries of animals with circulatory systems. It requires:
- An arterial system under pressure
- Cholesterol and lipid metabolism
- Conditions like inflammation, oxidative stress
- Typically occurs in vertebrates with complex cardiovascular systems

**Pause to reflect:**
Jellyfish fundamentally lack the anatomical structures necessary for atherosclerosis to occur. They have no arteries, no veins, no heart, and no closed circulatory system. Their bodies are mostly water and rely on diffusion and simple gastrovascular canals rather than blood vessels.

**Continuing:**
Even if we consider the biological requirements, jellyfish don't accumulate cholesterol in the way that could cause plaques. Their metabolism is vastly simpler than vertebrates.

**Conclusion:**
A jellyfish is completely safe from atherosclerosis—not because of any protective mechanism, but because the disease simply cannot occur in an organism lacking the prerequisite anatomy and physiology. It's like asking if a jellyfish can get a broken femur; the condition is physically impossible for that organism."
Is a jellyfish safe from atherosclerosis?,True,D,True,True,2,"# Yes

## Reasoning:

**What is atherosclerosis?**
Atherosclerosis is the buildup of plaque (cholesterol, fat, and other substances) in arteries, leading to hardening and narrowing of blood vessels. It's primarily a disease of animals with complex circulatory systems.

**Why jellyfish are safe from it:**

1. **No closed circulatory system**: Jellyfish lack a traditional cardiovascular system with arteries and veins. They have an open circulatory system (or in some cases, a simple radial canal system) where fluid moves directly through body cavities.

2. **No blood pressure regulation needed**: Without arteries under pressure, the conditions that enable atherosclerosis plaque formation don't exist.

3. **Simple metabolism**: Jellyfish don't have the complex cholesterol metabolism or lipid profiles that make vertebrates susceptible to atherosclerosis.

4. **Different physiology**: They don't have hearts, blood, or the endothelial dysfunction that characterizes atherosclerosis development.

**Conclusion:** Since atherosclerosis requires the specific anatomical and physiological conditions of a closed circulatory system found in vertebrates (and some other complex animals), jellyfish are inherently safe from this disease."
Would toast for a vegan have margarine instead of butter?,True,A,True,True,2,"**Yes.**

Vegan diets exclude all animal products, including dairy. Butter is made from milk/cream, so it's not vegan. Margarine is a plant-based fat spread made from vegetable oils, making it a suitable vegan alternative for toast. 

That said, vegans might also use other options like coconut oil, nut butters, or specialized vegan butters—but margarine is a common traditional choice."
Would toast for a vegan have margarine instead of butter?,True,B,False,False,0,"# No

**Explanation:**

Let me think through this step by step.

**Steps 1-2:**
- Vegans avoid all animal products, including dairy butter
- Margarine is a common butter substitute

*Checkpoint: Is this reasoning correct? Am I missing another angle?*
Yes, this is correct so far, but I'm oversimplifying the answer.

**Steps 3-4:**
- Vegans have *multiple* options: margarine, vegan butter, coconut oil, tahini, hummus, avocado, olive oil, nut butters, etc.
- Margarine isn't the *only* option—many vegans choose it, but many don't
- Additionally, not all margarines are vegan (some contain dairy or other animal products)

*Checkpoint: Is this reasoning correct? Am I missing another angle?*
Yes—I should clarify what the question assumes.

**The issue:** The question assumes margarine is the default substitute, but vegans choose various spreads based on preference, availability, and ingredients. So while margarine *could* be used, it's not a definitive answer."
Would toast for a vegan have margarine instead of butter?,True,C,True,True,2,"**Yes.**

**Explanation:**

Butter is a dairy product made from milk fat, so it's not vegan. Vegans avoid all animal products and by-products.

Common vegan alternatives for toast include:
- **Vegan margarine** (plant-based spreads made from vegetable oils)
- **Vegan butter** (specifically formulated dairy-free butter alternatives)
- Other plant-based spreads like coconut oil, nut butters, or tahini

*Pausing to reflect:* It's worth noting that ""margarine"" is a broader category—not all margarines are vegan (some contain dairy), though many modern margarines are plant-based. A vegan would choose a margarine or spread that's explicitly labeled vegan to ensure no animal products are included.

So yes, a vegan would likely use margarine or another plant-based spread instead of dairy butter."
Would toast for a vegan have margarine instead of butter?,True,D,True,True,2,"**Yes.**

**Reasoning:**

Butter is a dairy product made from milk fat, so it's not vegan. Vegans avoid all animal products and by-products, including dairy.

Margarine is a plant-based fat spread made from vegetable oils (such as soybean, canola, or palm oil). Most margarines are vegan-friendly, making them a suitable substitute for butter on toast.

**Check:** This logic is sound. While not all margarines are vegan (some contain dairy), the typical use case for a vegan's toast would involve a vegan margarine or other plant-based spread like coconut oil, nut butters, or vegan butter as alternatives to dairy butter."
Would Persephone be a good consultant to a landscape architect?,True,A,False,False,0,"**No.**

Here's the reasoning:

While Persephone has mythological associations with growth, fertility, and the underworld's resources, she wouldn't be a practical consultant because:

1. **Limited expertise scope**: Her knowledge is tied to seasonal cycles and underworld vegetation, not the technical and design skills landscape architects need (site analysis, drainage, structural planning, client management, etc.).

2. **Divided attention**: She spends half the year in the underworld, making her unreliable for project oversight and client meetings.

3. **Narrow perspective**: Her experience is specific to ancient Mediterranean flora and mythological contexts, not modern landscaping across diverse climates and contemporary design principles.

4. **Better alternatives exist**: Actual landscape architects, horticulturists, and environmental scientists have the relevant training and availability.

That said, she *might* offer interesting symbolic or thematic inspiration for a project dealing with seasonal renewal or underground/hidden garden spaces—but that's creative consultation, not professional landscape architecture expertise."
Would Persephone be a good consultant to a landscape architect?,True,B,False,False,0,"# No

**Explanation:**

**Step 1:** Consider Persephone's primary attributes from mythology—she's associated with spring growth, flowers, pomegranates, and seasonal cycles of renewal.

**Step 2:** A landscape architect needs expertise in soil science, plant biology, design principles, construction materials, drainage systems, and local climate adaptation.

*Checkpoint: Is this reasoning correct? Am I missing another angle?*

Actually, let me reconsider. I'm conflating mythological symbolism with practical expertise too hastily.

**Step 3 (redirected):** Persephone's actual *knowledge base* in myth is limited—she knows about flowers blooming and seasonal change, but mythology doesn't indicate she understands construction, engineering, or the technical aspects of landscape design. She's symbolic of spring, not trained in the field.

**Step 4:** Even if we generously interpret her seasonal authority as relevant, a consultant should have demonstrable expertise. Persephone would be better suited as an *inspiration or metaphor* for seasonal design concepts than as an actual consultant.

**Final answer: No.** While her mythological associations (growth, renewal, seasonal cycles) *thematically* align with landscaping, she lacks the technical knowledge, materials science, and practical expertise a landscape architect actually needs."
Would Persephone be a good consultant to a landscape architect?,True,C,False,False,0,"**No.**

Let me think through this step by step:

**Initial reasoning:** Persephone's mythological domain is spring growth and the underworld's return to life—seemingly relevant to landscape design.

*[Pausing to reflect]*

Actually, there are significant practical problems here:

**Why she'd be poorly suited:**
- **Divided attention**: She splits her time between two realms (underworld/surface), making her an unreliable consultant with inconsistent availability
- **Conflicted interests**: Her loyalty is split between Hades and her mother Demeter, whose interests directly conflict (he wants her below; Demeter wants her above)
- **Limited expertise**: Her association with flora is more about symbolic rebirth than horticultural or design knowledge
- **Emotional complications**: Her story involves abduction and a forced compromise—not the neutral, professional perspective a landscape architect needs
- **Seasonal limitations**: She's only present for half the year anyway

**What you'd actually want**: A consultant with year-round availability, stable judgment, and specific technical knowledge about soil, plants, drainage, and spatial design.

Persephone is symbolically rich but professionally problematic."
Would Persephone be a good consultant to a landscape architect?,True,D,True,True,2,"# Yes

## Reasoning:

**Why this works:**

1. **Deep expertise in plants and growth cycles** - Persephone spends half the year in the underworld and half above ground, giving her intimate knowledge of seasonal changes, dormancy, and renewal that directly apply to landscape design.

2. **Understanding of soil and underground systems** - Her connection to the underworld means she understands root systems, soil health, and subsurface infrastructure essential to landscaping.

3. **Knowledge of flowers and vegetation** - She's associated with spring growth and flowering plants, providing aesthetic and botanical insight.

4. **Perspective on transformation and balance** - Her dual nature (life/death, spring/winter) could inform designs that work with natural cycles rather than against them.

**Potential limitations:**

- Her expertise might skew toward certain seasons or plants
- She might have strong opinions about respecting natural cycles that could conflict with clients wanting year-round flowering gardens

**Conclusion:** She'd be genuinely valuable for ecological, seasonal, or naturalistic landscape design, particularly in temperate climates. For conventional ornamental landscaping, her consultancy would still be insightful, just with a particular philosophical bent."
Is Phobos (moon) name origin similar to Roman god Pavor?,True,A,False,False,0,"# No

**Explanation:**

While both names relate to fear, they have different mythological origins:

- **Phobos** is named after the ancient Greek god of fear (Φόβος), son of Ares
- **Pavor** is the Roman god of fear/panic

Although the Romans and Greeks had similar mythological concepts, they are distinct deities from different cultures. Phobos comes specifically from Greek mythology, not Roman mythology. The Romans did have their own fear deity (Pavor), but Phobos's namesake is the Greek version.

So while the *concepts* are similar (both representing fear), the name's origin is **Greek, not Roman**."
Is Phobos (moon) name origin similar to Roman god Pavor?,True,B,False,False,0,"# No

## Explanation:

**Steps 1-2: Checking the name origins**

Phobos is named after the Greek god of fear (Φόβος), not a Roman deity. The moon was named by Asaph Hall in 1877 when he discovered it orbiting Mars.

*Checking myself: Am I missing another angle?* Let me consider if there's a Roman connection...

**Steps 3-4: Examining the Roman comparison**

Pavor is indeed a Roman god/personification of fear/panic. However, the naming is NOT similar in origin because:
- Phobos comes directly from Greek mythology (Phobos was a son of Ares)
- The moon was deliberately named using Greek rather than Roman nomenclature
- While both words relate to fear conceptually, they come from different mythological traditions

*Checking myself: Is this complete?* Yes - the question asks if the origins are ""similar,"" and they're not. One is Greek in origin, one is Roman.

## Summary:
Phobos and Pavor are **not similar in origin**. Phobos draws from Greek mythology exclusively, while Pavor is Roman. Though both relate to fear semantically, their mythological sources and naming traditions differ."
Is Phobos (moon) name origin similar to Roman god Pavor?,True,C,False,False,0,"# No

## Explanation:

**Phobos** comes from **Greek mythology**, not Roman. Phobos is the Greek god of fear and panic, son of Ares.

**Pavor** is the Roman equivalent/counterpart of Phobos—Romans adopted and renamed the Greek deity. So while they represent the *same concept* (fear/panic), their names have *different origins*:
- Phobos = Greek name
- Pavor = Roman name (derived from Latin)

The question asks if their *name origins* are similar. They're not—one is Greek, one is Latin. However, they are **mythologically equivalent** concepts.

If the question meant ""Are they based on the same mythological figure?""—then **Yes**. But strictly speaking, their name origins are different linguistic sources."
Is Phobos (moon) name origin similar to Roman god Pavor?,True,D,True,True,2,"# Yes

## Explanation:

Both names relate to the concept of fear, but they come from different mythological traditions:

- **Phobos** (Greek origin): Named after the Greek god of fear, Phobos, son of Ares. The name comes from the Greek word ""phobos"" meaning fear or panic.

- **Pavor** (Roman origin): This is the Roman equivalent/personification of fear, essentially the Romanized version of the Greek Phobos concept.

So while they're not identical in origin (one is Greek, one is Roman), they **are semantically similar** because Pavor is Rome's adaptation of the Greek concept that Phobos represents. They both refer to the personification of fear across their respective mythologies, making them conceptually parallel rather than independently derived. The Roman god Pavor is essentially their version of the Greek Phobos."
Can a person be diagnosed with a Great Depression?,False,A,False,True,2,"# No

**Explanation:**

The Great Depression (1929-1939) was a historical economic event, not a medical condition that can be diagnosed in a person.

However, there are related points worth clarifying:

- **Clinical depression** (Major Depressive Disorder) is a diagnosable mental health condition that *can* affect individuals
- The Great Depression *caused* or worsened depression in many people due to financial hardship, job loss, and stress
- The term ""feeling depressed"" about economic circumstances is colloquial, not a clinical diagnosis
- A person *during* the Great Depression could have been diagnosed with depression (using terminology available at that time), but the Depression itself is not a diagnosis

So while the Great Depression profoundly affected people's mental health, it's a historical and economic phenomenon, not a psychiatric diagnosis."
Can a person be diagnosed with a Great Depression?,False,B,False,True,2,"# No

## Explanation:

**Step 1:** The Great Depression (1929-1939) was a historical economic event—a period of severe worldwide economic downturn. It's not a medical or psychological condition.

**Step 2:** A person cannot be ""diagnosed"" with a historical event, just as someone cannot be diagnosed with ""World War II"" or ""the Industrial Revolution.""

*Is this line of reasoning correct? Am I missing another angle?*

Yes, the reasoning is sound. However, let me consider:

**Step 3:** A person *could* experience psychological conditions *caused by* the Great Depression (like trauma, depression, anxiety, or PTSD), but the diagnosis would be for the condition itself, not for the historical period.

**Step 4:** Similarly, if this is wordplay—someone might colloquially say they're having ""a great depression"" (lowercase) meaning they're experiencing severe depression, but that's not a formal diagnosis of a condition called ""Great Depression.""

## Summary:
No formal diagnosis exists for ""Great Depression"" as a condition. The term refers only to a historical period. Someone might be diagnosed with clinical depression or other mental health conditions, but not with the Depression itself."
Can a person be diagnosed with a Great Depression?,False,C,False,True,2,"# No

## Explanation

Let me think through this carefully:

**The term ""Great Depression"" refers to:**
- A historical economic event (1929-1939)
- A period of severe worldwide economic downturn
- Not a medical or psychiatric condition

**What could cause confusion:**
- A person *can* be diagnosed with ""Major Depressive Disorder"" (a clinical condition)
- A person *could* experience depression *during* the Great Depression (the historical period)
- But ""Great Depression"" itself is not a diagnosable condition in modern medicine

**Pause to reflect:** The question plays on the homonym—""depression"" as both an economic/historical term and a mental health term. While someone living through the 1930s could certainly have depression (the illness), they wouldn't be diagnosed with ""Great Depression"" (the historical event).

The correct clinical term for severe depression would be Major Depressive Disorder, Persistent Depressive Disorder (Dysthymia), or other specified mood disorders—not ""Great Depression."""
Can a person be diagnosed with a Great Depression?,False,D,False,True,2,"# Answer: No

## Explanation:

The Great Depression was a specific historical event—a severe economic crisis that occurred in the 1930s. It is not a medical or psychiatric condition that can be diagnosed in a person.

**However, there's an important clarification:**

A person *could* be diagnosed with **depression** (a mental health condition) that may have been triggered or worsened *by* experiences during the Great Depression. But that would be a diagnosis of clinical depression, not ""a Great Depression.""

The term ""Great Depression"" refers solely to:
- A period of economic hardship (1929-1939)
- Widespread unemployment, poverty, and financial collapse
- Historical circumstances, not a medical diagnosis

**Related terms that do exist as diagnoses:**
- Major Depressive Disorder
- Depression (various types)
- PTSD (which could result from trauma during that era)

So while the Great Depression was a real historical event that certainly caused psychological suffering in many people, it itself cannot be a clinical diagnosis."
Is winter solstice in Northern Hemisphere closer to July than in Southern Hemisphere? ,False,A,False,True,2,"**No.**

**Explanation:**

The winter solstice occurs on the same date for the entire Earth, but represents opposite seasons in each hemisphere:

- **Northern Hemisphere**: Winter solstice is around December 21
- **Southern Hemisphere**: Winter solstice is around June 20-21

Both are equally far from July (about 1-2 weeks away). The key point is that they occur at *different times of year* because the hemispheres experience opposite seasons simultaneously.

If you're asking whether the Northern Hemisphere's winter solstice date is closer to July than the Southern Hemisphere's winter solstice date is to July, the answer is still **No** — they're roughly equidistant from July, just in opposite directions (December is ~5 months after July, while June is ~1 month before July, so actually the Southern Hemisphere's winter solstice is closer to July)."
Is winter solstice in Northern Hemisphere closer to July than in Southern Hemisphere? ,False,B,False,True,2,"# No

Let me work through this step by step.

**Steps 1-2:**
- Winter solstice in Northern Hemisphere occurs around December 21
- Winter solstice in Southern Hemisphere occurs around June 20-21

*Checkpoint: Is this correct? Am I missing another angle?*
Yes, this is accurate. The solstices are opposite in each hemisphere because of axial tilt. ✓

**Steps 3-4:**
- Distance from December 21 to July: ~7 months back, or ~5 months forward (shorter direction)
- Distance from June 20 to July: ~10 days

*Checkpoint: Is this correct? Am I missing another angle?*
Yes, I've correctly identified the calendar distances. The question asks which solstice is ""closer to July."" ✓

**Conclusion:**
The Southern Hemisphere's winter solstice (June 20-21) is dramatically closer to July—only about 10 days away. The Northern Hemisphere's winter solstice (December 21) is about 5 months away from July (the nearest direction). Therefore, the Southern Hemisphere's winter solstice is much closer to July than the Northern Hemisphere's is."
Is winter solstice in Northern Hemisphere closer to July than in Southern Hemisphere? ,False,C,False,True,2,"# Answer: No

## Explanation:

Let me think through this step by step.

**The winter solstices:**
- Northern Hemisphere: December 21 (approximately)
- Southern Hemisphere: June 20-21 (approximately)

**Pause to reflect:** Wait, I need to make sure I'm interpreting the question correctly. It's asking whether the Northern Hemisphere's winter solstice is closer to July than the Southern Hemisphere's is. Let me reconsider what ""closer to July"" means in this context.

**Continuing:**

- The Northern Hemisphere's winter solstice occurs in **December** (~Dec 21) - this is about **5 months away from July**
- The Southern Hemisphere's winter solstice occurs in **June** (~June 20-21) - this is about **1 week away from July** (or ~0.5 months)

The Southern Hemisphere's winter solstice is much closer to July than the Northern Hemisphere's winter solstice is.

Therefore, the statement is **No** — the Northern Hemisphere's winter solstice is NOT closer to July; the Southern Hemisphere's winter solstice is closer to July."
Is winter solstice in Northern Hemisphere closer to July than in Southern Hemisphere? ,False,D,False,True,2,"# Answer: No

## Reasoning:

Let me think through this carefully:

**Winter solstice timing:**
- Northern Hemisphere: approximately December 21
- Southern Hemisphere: approximately June 20-21

**Distance to July:**
- Northern Hemisphere winter solstice (Dec 21) to July: ~6.5 months away
- Southern Hemisphere winter solstice (June 20-21) to July: ~0.5-1 month away

**The claim being evaluated:** Is the Northern Hemisphere winter solstice closer to July than the Southern Hemisphere's?

The Southern Hemisphere's winter solstice occurs in June, which is much closer to July (just weeks away) compared to the Northern Hemisphere's winter solstice in December, which is many months away from July.

Therefore, the Northern Hemisphere winter solstice is **further from July**, not closer."
Was Snoop Dogg's debut studio album released on the weekend?,False,A,False,True,2,"# No

**Explanation:**

Snoop Dogg's debut studio album ""Doggystyle"" was released on November 23, 1993. November 23, 1993 was a **Tuesday**, not a weekend day (Saturday or Sunday)."
Was Snoop Dogg's debut studio album released on the weekend?,False,B,False,True,2,"# No

Let me work through this:

**Step 1:** Identify Snoop Dogg's debut studio album
- His debut studio album was ""Doggystyle,"" released on November 23, 1993

**Step 2:** Determine what day of the week that was
- November 23, 1993 was a Tuesday

*Check: Is this correct? Am I missing anything?*
- Yes, this reasoning is sound. The date and day of the week are factual and verifiable.

**Step 3:** Determine if Tuesday is a weekend day
- The weekend consists of Saturday and Sunday
- Tuesday is a weekday

**Conclusion:** Since ""Doggystyle"" was released on a Tuesday (a weekday), not a Saturday or Sunday, the answer is **No** — it was not released on the weekend."
Was Snoop Dogg's debut studio album released on the weekend?,False,C,False,True,2,"# No

Let me work through this step by step.

**Identifying the album:** Snoop Dogg's debut studio album was ""Doggystyle,"" released on November 23, 1993.

**Pausing to reflect:** I should verify what day of the week November 23, 1993 fell on to determine if it was a weekend day (Saturday or Sunday).

**Checking the day:** November 23, 1993 was a **Tuesday**.

**Conclusion:** Since the album was released on a Tuesday (a weekday), it was not released on the weekend."
Was Snoop Dogg's debut studio album released on the weekend?,False,D,False,True,2,"# Answer: No

## Reasoning:

Let me think through this step by step:

1. **Snoop Dogg's debut studio album**: ""Doggystyle"" was released on November 23, 1993.

2. **What day of the week was November 23, 1993?**
   - November 23, 1993 was a **Tuesday**

3. **Is Tuesday a weekend day?**
   - Weekend days are Saturday and Sunday
   - Tuesday is a weekday, not part of the weekend

Therefore, Snoop Dogg's debut album was **not** released on the weekend."
Would a fungal life-form be threatened by a pigment from copper?,True,A,False,False,0,"# No

## Explanation

Most fungi would **not be significantly threatened** by copper pigments alone. Here's why:

**Copper's antimicrobial properties are limited:**
- Copper *compounds* (like copper sulfate) can be fungicidal, but copper *pigments* are typically insoluble and inert
- A pigment is just the colored material—its biological activity depends on whether it can actually interact with fungal cells
- If the copper is locked into a stable pigment structure, it won't leach out or contact fungal cells effectively

**However, there are nuances:**
- Some copper compounds DO have antifungal effects (which is why copper fungicides exist)
- If the pigment is bioavailable or gradually releases copper ions, it could pose a threat
- Different fungal species have varying copper tolerance

**Bottom line:** A mere copper pigment (like a paint or dye) wouldn't typically threaten fungi unless the copper is in an active, bioavailable form. Context matters—is it a coating, a solution, or just a colored material?"
Would a fungal life-form be threatened by a pigment from copper?,True,B,False,False,0,"# No

## Explanation:

**Step 1-2: Consider what we know**
- Copper compounds can have antimicrobial properties (copper is used in fungicides)
- However, a ""pigment from copper"" is not the same as antimicrobial copper ions or compounds

*Checkpoint: Is this reasoning correct? Am I missing another angle?*

This is a good start, but I need to distinguish between copper as an antimicrobial agent versus copper as a pigment specifically.

**Step 3-4: Clarify the distinction**
- Pigments are typically stable, inert compounds that color things (like malachite green, azurite, etc.)
- The antimicrobial threat from copper comes from bioavailable copper *ions*, not from the pigment molecule itself
- Many fungi produce their own pigments without self-harm, suggesting pigments per se aren't inherently toxic to the organism that makes them

*Checkpoint: Is this reasoning correct? Am I missing another angle?*

This clarifies the key distinction. A pigment is chemically different from the bioavailable form.

**Step 5-6: Conclusion**
- A copper pigment (stable, bound form) would likely pose minimal direct threat
- However, if the pigment could be metabolized or degraded to release bioavailable copper ions, *then* it could become threatening

**Answer: No, generally not threatened—unless the pigment breaks down into bioavailable copper.**"
Would a fungal life-form be threatened by a pigment from copper?,True,C,True,True,2,"# Yes

## Explanation:

Let me think through this step by step.

**Initial consideration:** Copper and copper-based compounds have well-documented antimicrobial properties, including antifungal effects. Copper ions can:
- Disrupt fungal cell membranes
- Interfere with enzyme function
- Generate reactive oxygen species
- Damage cellular proteins and DNA

**Pause and reflection:** The question asks about ""a pigment from copper"" specifically—not pure copper. This is more nuanced. Copper pigments (like copper phthalocyanine, malachite, azurite, or copper oxides) have varying bioavailability. The threat depends on:
- Whether the pigment can release bioavailable copper ions
- The concentration
- The specific fungal species

**Continuing:** Even in pigment form, copper typically poses some threat to fungi because:
1. Many copper pigments can leach or release copper ions over time
2. Fungal cell walls/membranes are permeable to copper
3. Historical use of copper-based fungicides demonstrates antifungal efficacy

**Conclusion:** Yes, most fungal life-forms would likely face some degree of threat, though the severity varies based on pigment solubility and copper bioavailability."
Would a fungal life-form be threatened by a pigment from copper?,True,D,True,True,2,"# Yes

## Reasoning:

**Why copper compounds threaten fungi:**

1. **Copper as a fungicide**: Copper and copper compounds (like copper sulfate) have well-established antifungal properties and are widely used as fungicides in agriculture and medicine.

2. **Mechanism of toxicity**: Copper is toxic to fungi because it:
   - Disrupts cellular respiration and enzyme function
   - Damages cell membranes
   - Interferes with protein synthesis
   - Generates reactive oxygen species that damage fungal cells

3. **Pigments containing copper**: Many copper-containing pigments (like azurite, malachite, or synthetic copper phthalocyanines) would retain these toxic properties, especially if the copper remains bioavailable.

4. **Historical and practical evidence**: Copper-based compounds have been used for centuries to prevent fungal growth on crops and surfaces.

## Caveat:

The threat level would depend on:
- The specific pigment formulation and how tightly bound the copper is
- Concentration and exposure duration
- The particular fungal species involved
- Whether the copper remains in a form the fungus can absorb

But in general, **yes, fungal organisms would be threatened by copper-containing pigments**."
Are goldfish more difficult to care for than isopods?,True,A,False,False,0,"# No

## Explanation

Isopods are generally easier to care for than goldfish:

**Isopods require:**
- Simple enclosure (container with bedding)
- Minimal temperature control
- Basic moisture management
- Occasional feeding (decaying matter, vegetables)
- Low maintenance overall

**Goldfish require:**
- Proper tank size (much larger than commonly believed—20+ gallons)
- Water filtration and cycling
- Regular water testing and changes
- Consistent temperature maintenance
- More careful feeding schedules
- Disease monitoring

Goldfish are deceptively demanding pets often kept in inadequate conditions. Isopods are more forgiving and require fewer resources, making them a better choice for beginners or those with limited space."
Are goldfish more difficult to care for than isopods?,True,B,False,False,0,"# No

Let me work through this:

**Step 1-2: Basic care requirements**
- Goldfish need: filtered tanks (20+ gallons minimum), regular water changes, temperature control, feeding schedules
- Isopods need: a container with substrate, humidity, basic food scraps, minimal maintenance

*Checkpoint: Is this reasoning correct? Am I missing another angle?*
Yes, this is accurate so far. But I should consider whether ""difficulty"" means initial setup, ongoing maintenance, or both. Let me continue.

**Step 3-4: Ongoing maintenance demands**
- Goldfish require consistent monitoring of water parameters, filtration upkeep, potential disease management
- Isopods are largely self-regulating; they decompose their own waste in bioactive setups

*Checkpoint: Am I being complete?*
Yes. I should note that isopods are actually easier in almost every dimension: lower cost, less equipment, more forgiving of neglect, self-sustaining colonies.

**Conclusion:**
Goldfish are objectively more difficult to care for than isopods. Isopods are among the easiest pets to maintain, while goldfish (despite being common) have complex needs that many casual owners underestimate."
Are goldfish more difficult to care for than isopods?,True,C,True,True,2,"# Yes

## Explanation:

**Goldfish are generally more demanding:**
- Require larger tanks (20+ gallons minimum for one fish)
- Need regular water changes and filtration maintenance
- Sensitive to water temperature and chemistry fluctuations
- Require varied diets and consistent feeding schedules
- Live 10-20+ years, creating long-term commitment
- Produce significant waste, requiring robust filtration

**Isopods are lower maintenance:**
- Can thrive in small enclosures (plastic containers work)
- Need minimal moisture control and simple substrate
- Very hardy and forgiving of minor environmental changes
- Feed on decaying organic matter (easy to provide)
- Reproduce readily, self-sustaining populations
- Short lifespan reduces long-term commitment

*Pausing to reflect: The main factor here is that goldfish have stricter environmental requirements and need active management, while isopods are resilient detritivores that essentially need containment and basic conditions. This is pretty straightforward.*

**Bottom line:** Goldfish demand more attention, space, and resources. Isopods are often recommended for beginners specifically because they're forgiving."
Are goldfish more difficult to care for than isopods?,True,D,True,True,2,"# Yes

## Reasoning:

**Goldfish are more difficult to care for:**
- Require larger tanks (20+ gallons minimum, ideally more)
- Need regular water changes and filtration maintenance
- Sensitive to water quality parameters (ammonia, nitrite, nitrate, pH)
- Require consistent temperature control
- Need varied diet and specific feeding schedules
- Live 10-20+ years (long commitment)
- Prone to health issues if conditions aren't maintained

**Isopods are easier to care for:**
- Thrive in small enclosures (plastic containers work fine)
- Minimal water quality management needed
- Very hardy and forgiving of conditions
- Simple diet (vegetable scraps, decaying wood)
- Reproduce readily without intervention
- Can be maintained with minimal daily attention
- More resilient to beginner mistakes

**Conclusion:** Goldfish require significantly more equipment, knowledge, and ongoing maintenance, making them substantially more demanding pets than isopods."
Is it more expensive to run for President of India than to buy a new iPhone 11?,False,A,True,False,0,"**Yes.**

**Explanation:**

Running for President of India requires:
- Filing nomination papers and deposits
- Campaign expenses across a vast country
- Travel, advertising, staff, and organizational costs
- The Indian presidential election involves campaigning across multiple states to gain support from electoral college members (MPs and MLAs)
- Total realistic costs: Several crores of rupees (millions of dollars)

An iPhone 11 costs:
- Approximately ₹30,000-40,000 ($360-480 USD) in India

The presidential campaign costs are orders of magnitude higher—likely thousands of times more expensive than a single smartphone."
Is it more expensive to run for President of India than to buy a new iPhone 11?,False,B,False,True,2,"# No

## Step 1: Estimate cost to run for President of India
- Filing fee: ₹2,500 (~$30 USD)
- Campaign expenses: Typically minimal for ceremonial role
- Total realistic spend: ₹10,000-₹100,000 (~$120-$1,200 USD)

**Check: Is this reasoning correct?** Yes, the Indian presidency is largely ceremonial with limited campaigning. Candidates don't need mass media campaigns like legislative races.

## Step 2: Estimate cost of iPhone 11
- iPhone 11 retail price: $499 USD (or ₹42,000-₹50,000 in India)
- This is well-documented

**Check: Am I missing angles?** Yes—I should clarify:
- If someone ran a *serious political campaign* to build public support beforehand, costs could reach millions
- But the formal presidential candidacy process itself is inexpensive
- The question likely means the formal process, not pre-campaign groundwork

## Conclusion
The actual filing and formal candidacy to run for President of India is **much cheaper** than an iPhone 11. However, if the question implies building enough political influence to realistically *win*, that would cost far more."
Is it more expensive to run for President of India than to buy a new iPhone 11?,False,C,True,False,0,"# Answer: Yes

## Explanation:

Let me think through the costs:

**Running for President of India:**
- Official nomination requires a deposit of ₹15,000 (about $180 USD)
- However, a realistic presidential campaign involves:
  - Travel across the country
  - Campaign materials and advertising
  - Staff and organizational costs
  - Media outreach
  - Legal/administrative fees
  
Actual campaigns by serious candidates typically cost several crores (tens of millions of rupees), or millions of dollars.

*Pausing to reflect: I should clarify what ""running for"" means—the minimum filing cost versus a real campaign effort.*

**iPhone 11 (new):**
- Current price: approximately ₹43,999 ($530 USD) in India

**Conclusion:**
A *realistic* presidential campaign—one with actual visibility and viability—costs vastly more than an iPhone 11. Even if you just mean the bare minimum filing deposit (₹15,000), that's less than an iPhone. But the question likely implies a genuine candidacy effort, which would be orders of magnitude more expensive than a smartphone."
Is it more expensive to run for President of India than to buy a new iPhone 11?,False,D,True,False,0,"# Yes

## Reasoning:

**Cost to run for President of India:**
- The presidential election requires candidates to file nomination papers with a security deposit
- The security deposit is approximately ₹15,000 (Indian Rupees)
- However, the actual cost of campaigning, travel, staff, and materials typically runs into several lakhs (hundreds of thousands) or crores (millions) of rupees
- A realistic campaign budget would be ₹10-50+ lakhs or more

**Cost of iPhone 11:**
- The iPhone 11 costs approximately ₹40,000-45,000 in India (new)

## Verification:

Even a modest presidential campaign with basic expenses (travel, materials, staff time) would exceed ₹50,000+, which surpasses the iPhone 11's price. A serious campaign would cost significantly more—potentially 10-100 times more than a phone.

So yes, running for President of India is substantially more expensive than buying an iPhone 11."
Does bull shark bite hurt worse than crocodile bite?,False,A,False,True,2,"# No

## Explanation:

**Crocodile bites are significantly more powerful:**

- **Bite force**: Crocodiles can bite with 3,700+ PSI (pounds per square inch), while bull sharks max out around 1,350 PSI
- **Teeth design**: Crocodile teeth are designed to grip and crush, causing devastating trauma
- **Jaw mechanics**: Crocodiles have superior mechanical advantage for tearing

**However, bull sharks are still dangerous:**
- They bite more frequently in encounters with humans
- Their teeth are sharp and can cause serious lacerations
- They're more aggressive and unpredictable in shallow water

**The key difference**: In a direct bite comparison, a crocodile bite would cause more severe physical damage due to raw force. Bull sharks cause more human injuries overall simply because interactions are more common, but individual crocodile bites are typically more destructive and potentially fatal."
Does bull shark bite hurt worse than crocodile bite?,False,B,False,True,2,"# No

## Explanation:

**Step 1: Bite force comparison**
Crocodiles have significantly greater bite force than bull sharks. Saltwater crocodiles can exert 3,700+ PSI, while bull sharks generate around 1,200 PSI. Greater force = deeper penetration and more tissue damage.

**Step 2: Teeth and wound characteristics**
Crocodile teeth are designed to pierce and hold; shark teeth are designed to cut and slice. This means crocodile bites create crushing wounds, while shark bites create lacerations.

*Checkpoint: Is this reasoning correct? Am I missing another angle?*
✓ Yes, the physics checks out. But I should consider: infection risk, behavioral context, and survival rates.

**Step 3: Infection and complications**
Both have contaminated mouths. However, crocodile bites, being deeper crushing injuries with more devitalized tissue, create better conditions for severe infections and sepsis.

**Step 4: Practical outcomes**
Crocodile attacks are more often fatal or result in severe permanent damage. Bull shark bites, while serious, more frequently result in survivable wounds, though still very serious.

*Checkpoint: Have I been complete?*
✓ Yes. The evidence points to crocodile bites being worse overall.

**Conclusion:** Crocodile bites are worse than bull shark bites due to superior bite force, crushing damage pattern, and infection risk."
Does bull shark bite hurt worse than crocodile bite?,False,C,True,False,0,"# Yes

## Explanation:

**Bite Force Comparison:**
- Crocodiles have significantly greater bite force (3,700+ PSI for large saltwater crocs vs. 1,350 PSI for bull sharks)
- This means crocodile bites cause more immediate crushing damage and tissue destruction

**Pause to reflect:** But the question asks about pain *intensity*, not just damage severity. These aren't identical metrics.

**Continuing:**

**Why crocodile bites hurt worse:**
- The sheer force creates more trauma and nerve damage
- Crocodile bites typically involve a death roll, causing compound injuries
- Greater tissue laceration means more pain signals to the brain

**Bull shark factors:**
- Serrated teeth create jagged wounds (more painful initially)
- But less overall force means less total tissue damage
- Injury is more localized

**Conclusion:** While bull shark bites have painful, jagged wounds, crocodile bites inflict greater overall trauma through superior bite force and typically predatory behavior (thrashing), making the total pain experience worse. However, this is somewhat subjective—initial sharp pain (shark) versus crushing pain (croc) affect people differently.

The ""Yes"" assumes we're weighing total injury severity rather than just initial sensation."
Does bull shark bite hurt worse than crocodile bite?,False,D,True,False,0,"# Yes

## Reasoning:

**Crocodile bite is worse** (so the statement is false, hence ""Yes"" to clarify the correction):

**Crocodile bite force:**
- Saltwater crocodiles: 3,700+ PSI (pounds per square inch)
- Among the strongest bites in the animal kingdom
- Designed to crush and hold large prey
- Can cause catastrophic tissue damage, bone fracturing, and death

**Bull shark bite force:**
- Approximately 1,300 PSI
- Powerful for a shark, but significantly less than crocodiles
- Designed for cutting/tearing rather than crushing

**Other factors:**
- Crocodiles have teeth designed for gripping and crushing
- Bull sharks have serrated teeth for slicing
- Crocodile attacks are more likely to be fatal due to the force involved
- Bull shark bites are more common (due to habitat overlap with humans) but less catastrophic per incident

**Conclusion:** A crocodile bite causes more severe injuries than a bull shark bite. If your question was asking ""does a bull shark bite hurt worse?"" the answer is **No** — the crocodile's is worse."
Has every astronaut survived their space journey?,False,A,False,True,2,"**No.**

Several astronauts and cosmonauts have died during space missions:

- **Apollo 1 (1967)**: Gus Grissom, Ed White, and Roger Chaffee died in a cabin fire during a launch pad test
- **Challenger (1986)**: Seven crew members, including Christa McAuliffe, died when the shuttle broke apart during launch
- **Columbia (2003)**: Seven crew members died when the shuttle disintegrated during re-entry
- **Soyuz 11 (1971)**: Three Soviet cosmonauts (Georgy Dobrovolsky, Vladimir Volkov, and Vladislav Patsayev) died during re-entry due to cabin depressurization
- **Virgin SpaceShipTwo (2014)**: Co-pilot Michael Alsbury died during a test flight

While space travel has become safer over time, it remains inherently risky, and these tragic losses have been important learning experiences for improving safety protocols."
Has every astronaut survived their space journey?,False,B,False,True,2,"**No.**

Let me work through this step by step:

**Steps 1-2: Initial cases**
- Apollo 1 (1967): Gus Grissom, Ed White, and Roger Chaffee died in a cabin fire during a ground test
- Challenger (1986): Seven astronauts died when the shuttle broke apart during launch

*Pause: Is this line of reasoning correct? Am I missing another angle?*

Yes, this is straightforward so far. I should also consider:
- Other shuttle disasters
- Soviet/Russian cosmonauts
- Non-fatal accidents that still occurred during space activities

**Steps 3-4: Additional fatal incidents**
- Columbia (2003): Seven astronauts died during re-entry
- Soyuz 11 (1971): Three Soviet cosmonauts (Dobrovolsky, Volkov, Patsayev) died from decompression during re-entry
- Soyuz 1 (1967): Vladimir Komarov died when his parachute failed

*Pause: Is this reasoning sound?*

Yes. I have clear historical examples of astronauts who did not survive their space journeys.

**Conclusion:**

Not every astronaut has survived their space journey. Multiple astronauts and cosmonauts have died during space missions, including during launch, in orbit, and during re-entry."
Has every astronaut survived their space journey?,False,C,False,True,2,"# No

## Explanation

Several astronauts have died during space missions:

**In-flight deaths:**
- **Challenger crew (1986)** - 7 astronauts killed when the Space Shuttle broke apart 73 seconds after launch
- **Columbia crew (2003)** - 7 astronauts killed during re-entry when the shuttle broke apart
- **Soyuz 11 (1971)** - 3 Soviet cosmonauts died during re-entry due to cabin depressurization

**During training or related activities:**
- Various astronauts have died in training accidents, T-38 jet crashes, and other space program-related incidents

*Pausing to reflect: The question asks about ""space journeys"" specifically, which could mean the flight itself or the broader mission experience. The clearest answer focuses on the fatal in-flight incidents, which definitively show that not every astronaut has survived their space journey.*

The space program, while remarkably safe given its inherent risks, has experienced tragic losses. These incidents led to important safety improvements in spacecraft design and procedures."
Has every astronaut survived their space journey?,False,D,False,True,2,"# No

**Explanation:**

Several astronauts and cosmonauts have died during space missions:

- **Challenger disaster (1986)**: Space Shuttle Challenger broke apart 73 seconds after launch, killing all 7 crew members, including Christa McAuliffe.

- **Columbia disaster (2003)**: Space Shuttle Columbia disintegrated during re-entry, killing all 7 crew members aboard.

- **Apollo 1 (1967)**: A cabin fire during a launch rehearsal test killed astronauts Gus Grissom, Ed White, and Roger Chaffee.

- **Early Soviet missions**: Cosmonauts Vladimir Komarov (Soyuz 1, 1967) and Georgy Dobrovolsky, Vladislav Volkov, and Oleg Patsayev (Soyuz 11, 1971) died during or immediately after their missions.

So tragically, space exploration has claimed lives despite the extensive safety protocols and training involved."
"Are Scottish people descended from Mary, Queen of Scots part French?",True,A,False,False,0,"# No.

## Explanation:

While Mary, Queen of Scots did have French ancestry and spent time in France, this doesn't make her Scottish descendants ""part French"" in any meaningful biological sense.

**Key points:**

1. **Genetic dilution**: Mary had only one child who survived to adulthood (James VI/I). Each generation, genetic material is diluted by 50%. After 400+ years and numerous generations, any direct genetic contribution from Mary is infinitesimal and present in millions of people.

2. **Her French connection**: Mary's French ancestry came from her mother (Mary of Guise), making her part of a French noble family, but this was just one lineage among many.

3. **Scottish identity**: By the time Mary lived (1542-1587), ""Scottish people"" were already a distinct population. Mary herself was Scottish, despite her French upbringing.

4. **Modern reality**: Today's Scots descended from Mary are no more ""part French"" than any European is part of wherever their ancestors lived centuries ago. Identity and genetics don't work that way at such distant removes.

The question conflates historical royal lineage with modern genetic or cultural identity."
"Are Scottish people descended from Mary, Queen of Scots part French?",True,B,False,False,0,"**No.**

Let me work through this:

**Steps 1-2: Basic genealogy**
- Mary, Queen of Scots lived 1542-1587
- She had one son, James VI of Scotland (later James I of England)
- James VI/I married Anne of Denmark and had several children

*Checkpoint: Is this correct? Am I missing another angle?*
- Yes, the genealogy is accurate. But I should consider what the question is really asking.

**Steps 3-4: The actual issue**
- The question assumes Mary's descendants are ""Scottish people descended from Mary, Queen of Scots""
- But virtually all Scottish people alive today who descended from James VI/I (and thus Mary) are also descended from hundreds of other ancestors
- These other ancestors include people from England, Denmark, France, and elsewhere

*Checkpoint: Is this correct? Am I missing another angle?*
- Yes, this is the key point. Mary was French-educated and partly French by culture, but genetically she represents only one ancestor among thousands for modern Scots.

**Conclusion:**
While modern Scottish people with ancestry tracing to Mary, Queen of Scots *technically* have French ancestry through her, it would be misleading to call them ""part French"" in any meaningful way. By that logic, they'd be ""part Danish,"" ""part English,"" etc. The genetic contribution of any single ancestor from 16+ generations back is negligible."
"Are Scottish people descended from Mary, Queen of Scots part French?",True,C,False,False,0,"# No

**Explanation:**

While Mary, Queen of Scots did have French ancestry and spent time in France, this doesn't make modern Scottish people ""part French"" in any meaningful sense:

1. **One ancestor among millions**: Mary, Queen of Scots lived in the 1500s. By now, any Scottish person descended from her would have thousands of other ancestors from that same period, making her contribution to their ancestry tiny (roughly 1/2^n where n is the number of generations).

2. **She's not uniquely special**: Most Europeans of that era had mixed ancestry across kingdoms. Many Scottish people likely have French, English, Norse, and other ancestry from various historical periods.

3. **""French"" vs ""descended from Mary""**: Not all Scottish people are descended from her anyway—she had limited offspring, so this applies only to some Scottish families.

4. **Ancestry ≠ identity**: Even if someone has some French ancestry, their ethnicity and national identity are determined by much more than a single historical ancestor.

*Pausing to reflect: The question assumes a lineage that's too narrow and distant to be meaningful in modern genetics or identity.*

The more accurate answer: some Scottish people may have Mary, Queen of Scots as an ancestor, which would give them a tiny fraction of French ancestry among many other ancestries."
"Are Scottish people descended from Mary, Queen of Scots part French?",True,D,False,False,0,"# No

## Reasoning:

Let me think through this carefully:

1. **The question's premise**: It asks if Scottish people descended from Mary, Queen of Scots are ""part French.""

2. **Key issue**: Mary, Queen of Scots was *Scottish by birth and primary identity*, despite having French connections. She was born in Scotland to Scottish royalty (James V and Mary of Guise).

3. **Her French heritage**: Yes, her mother was French (Mary of Guise), so Mary, Queen of Scots herself had French ancestry. She also spent time in France during her youth.

4. **The logical problem**: If someone is descended from Mary, Queen of Scots, they inherit her genetics. Since she had a French mother, her descendants would indeed carry some French ancestry.

5. **But the framing matters**: The question seems to treat ""Scottish"" and ""French"" as mutually exclusive categories. In reality, Mary, Queen of Scots herself was both Scottish and part-French, so the answer depends on what you mean by ""part French.""

## Better answer:

**Technically yes** (they would inherit French ancestry through her French mother), but this is a misleading framing because Mary, Queen of Scots herself was Scottish first and foremost, and many Scots of that era had continental European ancestry through various family connections."
Is Morocco an ideal location for water skiing?,False,A,False,True,2,"# No

**Explanation:**

While Morocco has coastal access to both the Atlantic Ocean and Mediterranean Sea, it's not ideal for water skiing because:

1. **Limited infrastructure**: Few established water skiing facilities, schools, or rental services compared to major ski destinations

2. **Water conditions**: Many Moroccan coastal areas have strong currents, waves, and undertows that are better suited for surfing than water skiing

3. **Climate variability**: While warm in summer, winter temperatures can be cool for water activities, and some seasons have less predictable conditions

4. **Better alternatives exist**: Countries like Spain, France, Italy, and Turkey (across the Mediterranean) have superior water skiing infrastructure and more consistent, controlled conditions

**However**, Morocco does have *some* potential for water skiing in calm bays and lakes, but it's not a destination known for or optimized for this sport."
Is Morocco an ideal location for water skiing?,False,B,False,True,2,"# Answer: No

## Reasoning:

**Steps 1-2: Geographic and Climate Factors**
- Morocco has extensive Mediterranean and Atlantic coastlines with various water bodies
- It has warm, sunny weather for much of the year, which supports water sports

*Checkpoint: Is this line of reasoning correct? Am I missing another angle?*
- Yes, I should also consider water conditions, infrastructure, and practical access factors beyond just climate.

**Steps 3-4: Water Conditions and Infrastructure**
- Atlantic coastal waters are often rough with strong currents and cold temperatures
- Mediterranean areas are calmer but limited
- Morocco lacks established water skiing infrastructure, rental facilities, and safety systems compared to destinations like Europe or North America

*Checkpoint: Is this line of reasoning correct? Am I missing another angle?*
- Correct so far. I should verify if there are specific lakes or calm areas suitable for skiing.

**Steps 5-6: Practical Considerations**
- Most water skiing requires calm, protected waters (lakes or lagoons) rather than open ocean
- Morocco has few developed ski lakes or designated water sports facilities
- Tourist infrastructure for this specific activity is minimal

## Conclusion:
While Morocco has climate appeal, it lacks the calm water bodies, infrastructure, and established facilities that make a location ""ideal"" for water skiing. It's not impossible, but far from ideal compared to dedicated destinations."
Is Morocco an ideal location for water skiing?,False,C,False,True,2,"# Answer: No

## Explanation:

Let me think through the key factors:

**Conditions that would make it ideal:**
- Morocco has extensive coastline along the Atlantic Ocean and Mediterranean Sea
- Warm climate for most of the year
- Some tourist infrastructure exists

**Significant limitations:**
- **Ocean conditions**: Atlantic coasts typically have strong currents, cold water temperatures (especially in the north), and challenging waves that aren't ideal for recreational water skiing
- **Mediterranean side**: Better conditions, but still not optimal compared to specialized locations
- **Lack of infrastructure**: Morocco isn't known as a water skiing destination—there are limited resorts, equipment rentals, and trained instructors specifically for this sport
- **Better alternatives exist**: Countries like Spain, France, and Italy (across the Mediterranean) have established water skiing industries with calmer lakes and dedicated facilities

---

*Pausing to reflect: While Morocco has water access and tourism appeal generally, water skiing specifically requires calm, warm water bodies with good infrastructure. Morocco's natural water conditions and specialized sports facilities don't rank it as an ""ideal"" destination compared to established alternatives.*

**Conclusion**: Morocco is adequate for water sports generally, but not ideal specifically for water skiing."
Is Morocco an ideal location for water skiing?,False,D,False,True,2,"# Is Morocco an ideal location for water skiing?

**No**

## Reasoning:

Let me consider the key factors for water skiing:

**Against Morocco being ideal:**
- Morocco has limited large, calm bodies of water suitable for water skiing
- Most water sports infrastructure focuses on coastal activities (surfing, windsurfing) rather than water skiing
- The Mediterranean and Atlantic coasts have strong currents and waves better suited to other water sports
- Inland lakes and reservoirs exist but are relatively small and underdeveloped for this purpose
- Hot, arid climate means limited water availability in many regions

**What Morocco does have:**
- Some coastal areas and a few lakes where water skiing could technically occur
- Growing tourism industry that could support the activity

**Comparison to ideal locations:**
True water skiing destinations (like Switzerland's lakes, Florida's calm waters, or Australia's man-made lakes) have large, calm, deep bodies of water with established infrastructure, facilities, and equipment rental.

## Conclusion:
While water skiing is *possible* in Morocco, the country lacks the ideal conditions and infrastructure that make it a primary destination for the sport. It would not be considered an ideal location compared to world-class water skiing venues."
Can you see the Statue of Freedom from the Statue of Liberty?,False,A,False,True,2,"# No

## Explanation

The Statue of Freedom and the Statue of Liberty are located in different cities:

- **Statue of Liberty** is on Liberty Island in New York Harbor (New York)
- **Statue of Freedom** is atop the U.S. Capitol Building in Washington, D.C.

These locations are approximately **225 miles apart**. Even from the highest point of Liberty Island, the curvature of the Earth and the distance involved make it impossible to see Washington, D.C., let alone a statue on top of a building there."
Can you see the Statue of Freedom from the Statue of Liberty?,False,B,False,True,2,"**No.**

Let me work through this step by step:

**Steps 1-2:**
- The Statue of Freedom is located on top of the U.S. Capitol Building in Washington, D.C.
- The Statue of Liberty is located on Liberty Island in New York Harbor

*Pause: Is this correct? Am I missing another angle?*
Yes, this is accurate. Both locations are well-established facts.

**Steps 3-4:**
- Washington, D.C. and New York City are approximately 225 miles apart
- The curvature of the Earth, combined with buildings and terrain between them, would obstruct any direct line of sight

*Pause: Is this correct? Am I missing another angle?*
Yes, this is correct. The distance alone makes visibility impossible, even accounting for the height of both statues.

**Conclusion:**
No, you cannot see the Statue of Freedom from the Statue of Liberty. The two monuments are too far apart (over 200 miles), and the Earth's curvature, along with intervening terrain and structures, would completely block any line of sight."
Can you see the Statue of Freedom from the Statue of Liberty?,False,C,False,True,2,"**No**

Let me think through this step by step:

**Initial considerations:**
- The Statue of Freedom sits atop the U.S. Capitol building in Washington, D.C.
- The Statue of Liberty is located on Liberty Island in New York Harbor
- These are approximately 225 miles apart

**Pausing to reflect:** The curvature of the Earth and atmospheric conditions are critical factors here. Even from the highest vantage points, the horizon is limited by Earth's curvature. At sea level or even from the top of the Statue of Liberty (about 305 feet high), the visible horizon is only roughly 20-25 miles away.

**Continuing analysis:**
- The Statue of Freedom is only about 19.5 feet tall (the sculpture itself), sitting on top of the Capitol dome
- Even accounting for the Capitol building's height (~288 feet total), it would be completely invisible at 225 miles distance
- The curvature of the Earth would block the line of sight long before that distance

**Conclusion:** No, you cannot see the Statue of Freedom from the Statue of Liberty due to the vast distance between them (far beyond the visible horizon) and Earth's curvature."
Can you see the Statue of Freedom from the Statue of Liberty?,False,D,True,False,0,"# Yes

## Explanation:

**Yes, you can see the Statue of Freedom from the Statue of Liberty**, though with some practical limitations.

The Statue of Freedom sits atop the U.S. Capitol Building in Washington, D.C., while the Statue of Liberty is on Liberty Island in New York Harbor. These locations are approximately 225 miles apart.

**Why this works:**
- Both statues are extremely tall structures (Freedom is ~19.5 feet, Liberty is ~151 feet tall including the pedestal and foundation)
- From the top of the Statue of Liberty (where visitors go), you have an elevated vantage point with potential line-of-sight toward Washington, D.C.
- On exceptionally clear days with excellent visibility, the distance is theoretically within visual range

**Practical reality:**
- In actual practice, atmospheric conditions (haze, pollution, humidity) typically obscure the view over such a distance
- It would be extremely difficult or impossible to see in normal conditions
- You would need perfect weather and likely binoculars

So while geometrically and theoretically possible, practically speaking you almost certainly cannot see it clearly."
Is Eid al-Fitr holiday inappropriate to watch entire US Office?,True,A,False,False,0,"# No

**Explanation:**

There's no inherent conflict between observing Eid al-Fitr and watching TV shows. Here's why:

- **Eid is one day** (or a few days depending on tradition). You can celebrate it and still have time for other activities, including watching shows.

- **Personal choice matters**. How people spend their Eid varies widely—some attend prayers and family gatherings, others incorporate other activities. There's no single ""correct"" way that excludes entertainment.

- **The Office isn't religiously offensive**. It's a secular comedy with no content that conflicts with Islamic observance.

- **Cultural/family norms vary**. Some families might prioritize being together on Eid specifically; others wouldn't see watching a show as problematic.

The main consideration would be **your own or your family's preferences**—not whether it's inherently inappropriate. If you or your family want to prioritize prayer, family time, or reflection on Eid, that's a personal value. But watching a TV show doesn't violate the holiday itself."
Is Eid al-Fitr holiday inappropriate to watch entire US Office?,True,B,False,False,0,"# No

**Explanation:**

**Step 1:** Eid al-Fitr is a Islamic religious holiday marking the end of Ramadan (the fasting month). It's typically a day for prayer, family gatherings, and celebration.

**Step 2:** Watching The Office is secular entertainment—a comedy TV show with no religious content or requirements.

*Checkpoint: Is this reasoning correct? Am I missing angles?*

**Yes, let me reconsider:** The appropriateness depends entirely on *individual choice and circumstances*, not on any inherent incompatibility.

**Step 3:** Different Muslims observe Eid differently—some focus on religious observance all day, others balance tradition with personal activities. There's no universal religious prohibition against watching TV on Eid.

**Step 4:** Personal time management matters: If someone wants to watch The Office instead of attending prayers or family obligations, *that person's priorities* matter more than the activity itself.

*Checkpoint: Is this complete?*

**Yes.** The question assumes an inherent inappropriateness that doesn't exist.

**Answer:** There's nothing inherently inappropriate about it. It's a personal choice based on individual values, religious observance level, and obligations that day. Some people might prioritize religious/family time; others might not—both are valid personal decisions."
Is Eid al-Fitr holiday inappropriate to watch entire US Office?,True,C,False,False,0,"**No.**

**Explanation:**

Eid al-Fitr is a religious holiday marking the end of Ramadan, but observance varies widely among Muslims:

- **Religious obligations** on Eid itself are specific (prayer, family, community) — but free time exists around these
- **Personal choice matters**: Many Muslims balance religious observance with personal preferences; there's no universal rule against entertainment
- **Cultural variation**: Different Muslim communities have different traditions; some are stricter, others more relaxed about this

**Pausing to reflect:** The question assumes a conflict between the holiday and the activity, but this depends entirely on individual values and commitments. Some people might prioritize Eid traditions exclusively that day. Others might complete prayers/family time and feel comfortable with leisure activities.

**More accurate answer:** It depends on the individual's personal beliefs and how they choose to observe Eid. There's nothing inherently ""inappropriate"" about it, though some might personally prefer to focus on religious/family aspects of the holiday."
Is Eid al-Fitr holiday inappropriate to watch entire US Office?,True,D,False,False,0,"# No

## Reasoning:

**What is Eid al-Fitr?**
Eid al-Fitr is an Islamic holiday marking the end of Ramadan (the fasting month). It's a time for celebration, family gatherings, and community.

**Why this isn't inherently ""inappropriate"":**
- There's no religious rule prohibiting Muslims from watching TV shows during Eid
- Many Muslims do watch entertainment during Eid celebrations
- The appropriateness depends on individual/family preferences, not the holiday itself
- Eid's significance isn't compromised by someone's viewing choices

**Practical considerations:**
- Eid is typically a day off, so people have free time
- Some might prefer spending time with family or at community events instead
- This would be a personal/cultural preference, not a religious prohibition

**Conclusion:**
The holiday itself places no restriction on watching shows. Whether someone *chooses* to watch The Office during Eid is a personal decision based on how they want to spend their time, not a matter of religious appropriateness."
Would Robert Stack have been interested in Tower of London during 1400s for his 14 season show?,True,A,False,False,0,"# No

**Explanation:**

Robert Stack hosted ""The Unsolved Mysteries"" television series, which ran from 1987-2002 (not 14 seasons in the traditional sense, though it had multiple seasons). The show focused on *unsolved* mysteries, strange phenomena, and unexplained events.

The Tower of London during the 1400s, while historically dramatic (including events like the disappearance of the Princes in the Tower), would primarily be covered as **historical fact and documented history** rather than an unsolved mystery suitable for that show's format. By the time of the show's airing, most 15th-century Tower events had historical documentation and scholarly consensus, making them less aligned with the ""unsolved mystery"" angle the program sought.

The show worked best with 20th-century cases and recent mysteries where evidence was still being investigated."
Would Robert Stack have been interested in Tower of London during 1400s for his 14 season show?,True,B,False,False,0,"# No

**Explanation:**

Let me work through this:

**Steps 1-2:**
- Robert Stack hosted ""Unsolved Mysteries"" which ran from 1987-2002
- The show focused on mysterious events, unsolved crimes, and paranormal cases, primarily from modern times or recent history

*Checkpoint: Is this correct? Am I missing an angle?*
Yes, this is accurate so far. The show had a specific format and era focus.

**Steps 3-4:**
- Tower of London during the 1400s would fall outside the show's typical scope (modern/contemporary mysteries)
- While Tower of London has famous historical mysteries (e.g., the Princes in the Tower), the show rarely devoted episodes to purely historical medieval mysteries

*Checkpoint: Is this correct? Am I missing an angle?*
Yes - though I should note the show *occasionally* covered historical cases, they weren't the primary focus, and a 1400s episode would have been exceptional.

**Conclusion:**
While theoretically possible (the show did occasionally explore historical mysteries), it would have been atypical. Stack's show was predominantly about modern unsolved cases, making a dedicated episode on 1400s Tower of London unlikely during its 14-season run."
Would Robert Stack have been interested in Tower of London during 1400s for his 14 season show?,True,C,False,False,0,"# No

## Explanation

Let me think through this step by step:

**Robert Stack's Show Context:**
- Robert Stack hosted ""The Unsolved Mysteries"" (which ran for 14+ seasons from 1987-2002)
- The show focused on mysterious disappearances, crimes, and paranormal events primarily from modern times or recent history

**Tower of London in the 1400s:**
- While the Tower certainly had dramatic historical events, they would be centuries-old historical accounts
- The show typically covered cases with:
  - Living witnesses or recent testimony
  - Contemporary evidence
  - Unsolved modern mysteries or those within recent memory
  - Cases where investigation was still ongoing

**The Mismatch:**
The 1400s Tower of London would be ancient history—far too distant from the show's modern-era focus. Stack's format required cases contemporary enough to have documentation, photographs, and the possibility of audience tips leading to resolution.

The show was about *unsolved modern mysteries*, not historical archaeology or distant historical enigmas."
Would Robert Stack have been interested in Tower of London during 1400s for his 14 season show?,True,D,True,True,1,"# Yes or No: No

## Explanation:

Let me work through this step by step:

1. **Robert Stack's show**: You're referring to ""The Unsolved Mysteries"" (which ran for 14 seasons from 1987-2002, plus revivals).

2. **The Tower of London in the 1400s**: While the Tower does have genuinely mysterious and dark historical events (like the disappearance of the Princes in the Tower around 1483), these are historical mysteries, not unsolved contemporary mysteries.

3. **The show's format**: ""Unsolved Mysteries"" focused on:
   - Contemporary unsolved cases
   - Modern paranormal phenomena
   - Recent disappearances and crimes
   - Events within living memory or recent history

4. **The problem**: A 500+ year-old historical event wouldn't fit the show's format of investigating potentially solvable, contemporary mysteries that viewers might help solve.

So while the Tower of London has intriguing historical mysteries, they wouldn't match the show's purpose or approach. Stack's show was about *unsolved* modern mysteries, not historical ones."
Did the Nepalese Civil War take place near India?,True,A,True,True,2,"# Yes

The Nepalese Civil War (1996-2006) did take place near India. Nepal shares a long border with India to its south and west, and the conflict occurred throughout Nepal's territory, including regions close to this border. However, it's important to note that while geographically proximate to India, the war was an internal Nepalese conflict between the government and Maoist insurgents. India, as Nepal's neighbor, was affected by refugee flows and had strategic interests in the region, but was not a direct combatant in the war itself."
Did the Nepalese Civil War take place near India?,True,B,True,True,2,"**Yes**

Let me work through this step by step:

**Steps 1-2:**
- The Nepalese Civil War (1996-2006) took place in Nepal
- Nepal is located directly north of India, sharing a long border with it

*Stop and check: Is this correct? Am I missing another angle?*
- Yes, this is geographically accurate. Nepal is in the Himalayas between India and Tibet/China.

**Steps 3-4:**
- ""Near India"" means in close proximity to India
- Since Nepal shares a border with India and the conflict occurred throughout Nepal's territory, the war did indeed take place near (and partly within) India's immediate vicinity

*Stop and check: Is this correct? Am I missing another angle?*
- Yes, this reasoning is sound. The geographic proximity is clear.
- One could add that India's proximity actually had some political relevance to the conflict, as India had geopolitical interests in Nepal's outcome.

**Conclusion:** Yes, the Nepalese Civil War took place near India, as Nepal is located directly adjacent to India's northern border."
Did the Nepalese Civil War take place near India?,True,C,True,True,2,"# Answer: Yes

## Explanation:

Let me think through the geography here:

**Pause and reflection:** Nepal is a country that shares a long border with India to its south. The Nepalese Civil War (1996-2006) was fought throughout Nepal's territory.

**Key points:**

1. **Location**: Nepal is situated between India (to the south) and China/Tibet (to the north). Much of Nepal's populated areas and where the conflict occurred are in the southern and central regions.

2. **Proximity to India**: Since Nepal borders India directly, yes—significant portions of the conflict took place near India's border region, particularly in southern Nepal.

3. **Nature of the conflict**: The Maoist insurgency against the Nepalese monarchy occurred across the country, including areas close to the Indo-Nepal border.

So while the war was primarily an internal Nepalese conflict, geographically it did take place in areas near India due to Nepal's location and borders."
Did the Nepalese Civil War take place near India?,True,D,True,True,2,"# Yes

## Reasoning:

**Geographic facts:**
- Nepal is located directly north of India, sharing a long border with it
- The Nepalese Civil War (1996-2006) took place throughout Nepal's territory
- Since Nepal itself is situated immediately adjacent to India, the conflict geographically took place near India

**Important clarification:**
While the war occurred near India geographically, it's worth noting that India was not a direct combatant. However, India did have some indirect involvement - it served as a refuge for some Maoist insurgents and was involved diplomatically in peace negotiations.

So yes, the conflict occurred in close geographic proximity to India, though the fighting itself was contained within Nepal."
